# Blender v2.93.5 OBJ File: ''
# www.blender.org
mtllib untitled.mtl
o barrel_barrel_0
v 0.215033 0.603829 0.018491
v 0.215033 0.603829 -0.018491
v 0.210078 0.603829 -0.000000
v 0.279089 0.603829 -0.018491
v 0.279089 0.603829 0.018491
v 0.284043 0.603829 -0.000000
v -0.292671 0.579652 0.095095
v -0.292671 0.579652 -0.095095
v -0.307733 0.579652 -0.000000
v -0.244390 -0.634191 -0.176992
v -0.302056 -0.634191 0.000000
v -0.287279 -0.634191 -0.093044
v 0.244390 -0.634191 0.176993
v 0.302056 -0.634191 0.000000
v 0.287279 -0.634191 0.093045
v 0.292671 0.579652 -0.095095
v 0.292671 0.579652 0.095095
v 0.307733 0.579652 -0.000000
v -0.000000 0.573781 -0.359122
v -0.000000 0.610088 -0.339077
v 0.104780 0.610088 -0.322481
v 0.110975 0.573781 -0.341546
v 0.199304 0.610088 -0.274319
v 0.211087 0.573781 -0.290536
v 0.274319 0.610088 -0.199304
v 0.290536 0.573781 -0.211087
v 0.322481 0.610088 -0.104781
v 0.341545 0.573781 -0.110975
v 0.339076 0.610088 -0.000000
v 0.359122 0.573781 -0.000000
v 0.359122 0.573781 -0.000000
v 0.339076 0.610088 -0.000000
v 0.322481 0.610088 0.104780
v 0.341545 0.573781 0.110975
v 0.274319 0.610088 0.199304
v 0.290536 0.573781 0.211087
v 0.199304 0.610088 0.274319
v 0.211087 0.573781 0.290536
v 0.104780 0.610088 0.322481
v 0.110975 0.573781 0.341545
v -0.000000 0.610088 0.339076
v -0.000000 0.573781 0.359122
v -0.104780 0.610088 0.322481
v -0.110975 0.573781 0.341545
v -0.199304 0.610088 0.274319
v -0.211087 0.573781 0.290536
v -0.274319 0.610088 0.199304
v -0.290536 0.573781 0.211087
v -0.322481 0.610088 0.104780
v -0.341545 0.573781 0.110975
v -0.339076 0.610088 -0.000000
v -0.359122 0.573781 -0.000000
v -0.322481 0.610088 -0.104781
v -0.341545 0.573781 -0.110975
v -0.274319 0.610088 -0.199304
v -0.290536 0.573781 -0.211087
v -0.199304 0.610088 -0.274319
v -0.211087 0.573781 -0.290536
v -0.307733 0.610088 -0.000000
v -0.292671 0.610088 0.095095
v -0.292671 0.579652 0.095095
v -0.307733 0.579652 -0.000000
v -0.104780 0.610088 -0.322481
v -0.110975 0.573781 -0.341546
v -0.000000 -0.649387 0.301168
v -0.093362 -0.649387 0.286421
v -0.093362 -0.634191 0.286421
v -0.000000 -0.634191 0.301168
v -0.249857 -0.420539 0.343712
v -0.343899 -0.420540 0.249721
v -0.352907 -0.420037 0.256273
v -0.256396 -0.420054 0.352722
v 0.270344 0.294231 0.372097
v 0.142128 0.294231 0.437426
v 0.146024 0.294946 0.449415
v 0.277754 0.294946 0.382295
v -0.379818 0.207597 0.275954
v -0.275954 0.207597 0.379818
v -0.283363 0.208312 0.390016
v -0.390016 0.208312 0.283363
v -0.000000 0.294231 0.459937
v -0.142128 0.294231 0.437426
v -0.146024 0.294946 0.449415
v -0.000000 0.294946 0.472543
v -0.000000 0.573781 -0.359122
v 0.110975 0.573781 -0.341546
v 0.114112 0.576160 -0.351200
v -0.000000 0.576160 -0.369274
v -0.270344 0.294231 0.372097
v -0.277754 0.294946 0.382295
v 0.211087 0.573781 -0.290536
v 0.217054 0.576160 -0.298749
v -0.273891 -0.242123 -0.376979
v -0.143993 -0.242123 -0.443165
v -0.147871 -0.242792 -0.455101
v -0.281268 -0.242792 -0.387132
v -0.228502 -0.521203 0.314081
v -0.120131 -0.521203 0.369225
v -0.123568 -0.520732 0.379808
v -0.235044 -0.520718 0.323089
v -0.465971 -0.242123 0.000000
v -0.443165 -0.242123 -0.143993
v -0.455101 -0.242792 -0.147871
v -0.478522 -0.242792 0.000000
v -0.314506 -0.521203 0.228193
v -0.323516 -0.520701 0.234743
v -0.273891 -0.242122 0.376979
v -0.376979 -0.242122 0.273891
v -0.387132 -0.242792 0.281268
v -0.281268 -0.242792 0.387132
v -0.369724 -0.521203 0.119969
v -0.380322 -0.520687 0.123414
v -0.343899 -0.420540 -0.249721
v -0.249857 -0.420540 -0.343711
v -0.256396 -0.420055 -0.352722
v -0.352907 -0.420037 -0.256273
v -0.372097 0.294231 0.270344
v -0.437426 0.294231 0.142128
v -0.449415 0.294946 0.146024
v -0.382295 0.294946 0.277754
v 0.275954 0.207597 0.379818
v 0.379818 0.207597 0.275954
v 0.390016 0.208312 0.283363
v 0.283363 0.208312 0.390016
v -0.000000 -0.242122 0.465971
v -0.143993 -0.242122 0.443165
v -0.147871 -0.242791 0.455101
v -0.000000 -0.242791 0.478522
v -0.388751 -0.521203 0.000000
v -0.399897 -0.520682 0.000000
v 0.000000 -0.420540 -0.424851
v 0.000000 -0.339341 -0.453810
v 0.140235 -0.339341 -0.431599
v 0.131358 -0.420540 -0.404057
v 0.266743 -0.339341 -0.367140
v 0.249857 -0.420540 -0.343711
v 0.367140 -0.339341 -0.266743
v 0.343899 -0.420540 -0.249721
v 0.431599 -0.339341 -0.140235
v 0.404278 -0.420540 -0.131286
v 0.453810 -0.339341 0.000000
v 0.425083 -0.420540 0.000000
v 0.425083 -0.420540 0.000000
v 0.453810 -0.339341 0.000000
v 0.431599 -0.339341 0.140235
v 0.404278 -0.420540 0.131286
v 0.367140 -0.339341 0.266743
v 0.343899 -0.420540 0.249721
v 0.266743 -0.339341 0.367140
v 0.249857 -0.420539 0.343712
v 0.140235 -0.339341 0.431599
v 0.131358 -0.420539 0.404057
v -0.000000 -0.339341 0.453810
v -0.000000 -0.420539 0.424851
v -0.140235 -0.339341 0.431599
v -0.131358 -0.420539 0.404057
v -0.266743 -0.339341 0.367140
v -0.249857 -0.420539 0.343712
v -0.367140 -0.339341 0.266743
v -0.343899 -0.420540 0.249721
v -0.431599 -0.339341 0.140235
v -0.404278 -0.420540 0.131286
v -0.453810 -0.339341 0.000000
v -0.425083 -0.420540 0.000000
v -0.431599 -0.339341 -0.140235
v -0.404278 -0.420540 -0.131286
v -0.367140 -0.339341 -0.266743
v -0.343899 -0.420540 -0.249721
v -0.266743 -0.339341 -0.367140
v -0.249857 -0.420540 -0.343711
v -0.140235 -0.339341 -0.431599
v -0.131358 -0.420540 -0.404057
v -0.131358 -0.420540 -0.404057
v -0.134793 -0.420069 -0.414641
v -0.273891 -0.242123 -0.376979
v -0.282457 -0.120294 -0.388769
v -0.148497 -0.120294 -0.457025
v -0.143993 -0.242123 -0.443165
v -0.376979 -0.242123 -0.273891
v -0.388769 -0.120294 -0.282457
v -0.443165 -0.242123 -0.143993
v -0.457025 -0.120294 -0.148497
v -0.465971 -0.242123 0.000000
v -0.480545 -0.120294 0.000000
v -0.443165 -0.242122 0.143993
v -0.457025 -0.120294 0.148497
v -0.376979 -0.242122 0.273891
v -0.388769 -0.120294 0.282457
v -0.273891 -0.242122 0.376979
v -0.282457 -0.120294 0.388769
v -0.143993 -0.242122 0.443165
v -0.148497 -0.120294 0.457026
v -0.000000 -0.242122 0.465971
v -0.000000 -0.120294 0.480545
v 0.143993 -0.242122 0.443165
v 0.148497 -0.120294 0.457026
v 0.273891 -0.242122 0.376979
v 0.282457 -0.120294 0.388769
v 0.376979 -0.242122 0.273891
v 0.388769 -0.120294 0.282457
v 0.443165 -0.242122 0.143993
v 0.457025 -0.120294 0.148497
v 0.465971 -0.242123 0.000000
v 0.480545 -0.120294 0.000000
v 0.443165 -0.242123 -0.143993
v 0.457025 -0.120294 -0.148497
v 0.480545 -0.120294 0.000000
v 0.465971 -0.242123 0.000000
v 0.376979 -0.242123 -0.273891
v 0.388769 -0.120294 -0.282457
v 0.273891 -0.242123 -0.376979
v 0.282457 -0.120294 -0.388769
v 0.143993 -0.242123 -0.443165
v 0.148497 -0.120294 -0.457025
v 0.000000 -0.120294 -0.480545
v 0.000000 -0.242123 -0.465971
v 0.093362 -0.649387 -0.286421
v -0.000000 -0.649387 -0.301168
v -0.000000 -0.649387 -0.322762
v 0.100009 -0.649387 -0.306965
v 0.177574 -0.649387 -0.243628
v 0.190228 -0.649387 -0.261120
v 0.244390 -0.649387 -0.176992
v 0.261827 -0.649387 -0.189715
v 0.287279 -0.649387 -0.093044
v 0.307796 -0.649387 -0.099739
v 0.302056 -0.649387 0.000000
v 0.323636 -0.649387 0.000000
v 0.287279 -0.649387 0.093045
v 0.307796 -0.649387 0.099739
v 0.244390 -0.649387 0.176993
v 0.261827 -0.649387 0.189715
v 0.177574 -0.649387 0.243629
v 0.190228 -0.649387 0.261121
v 0.093362 -0.649387 0.286421
v 0.100009 -0.649387 0.306966
v -0.000000 -0.649387 0.301168
v -0.000000 -0.649387 0.322763
v -0.093362 -0.649387 0.286421
v -0.100009 -0.649387 0.306966
v -0.177574 -0.649387 0.243629
v -0.190228 -0.649387 0.261121
v -0.244390 -0.649387 0.176993
v -0.261827 -0.649387 0.189715
v -0.287279 -0.649387 0.093045
v -0.307796 -0.649387 0.099739
v -0.302056 -0.649387 0.000000
v -0.323636 -0.649387 0.000000
v -0.287279 -0.649387 -0.093044
v -0.307796 -0.649387 -0.099739
v -0.244390 -0.649387 -0.176992
v -0.261827 -0.649387 -0.189715
v -0.177574 -0.649387 -0.243628
v -0.190228 -0.649387 -0.261120
v -0.093362 -0.649387 -0.286421
v -0.100009 -0.649387 -0.306965
v -0.000000 -0.634191 -0.301168
v -0.177574 -0.634191 0.243629
v -0.244390 -0.634191 0.176993
v -0.093362 -0.634191 -0.286421
v 0.244390 -0.649387 -0.176992
v 0.287279 -0.649387 -0.093044
v 0.287279 -0.634191 -0.093044
v 0.244390 -0.634191 -0.176992
v -0.177574 -0.649387 -0.243628
v -0.093362 -0.649387 -0.286421
v -0.093362 -0.634191 -0.286421
v -0.177574 -0.634191 -0.243628
v -0.177574 -0.649387 0.243629
v -0.177574 -0.634191 0.243629
v 0.302056 -0.649387 0.000000
v 0.302056 -0.634191 0.000000
v -0.000000 -0.649387 -0.301168
v -0.000000 -0.634191 -0.301168
v -0.244390 -0.649387 0.176993
v -0.244390 -0.634191 0.176993
v 0.287279 -0.649387 0.093045
v 0.287279 -0.634191 0.093045
v -0.287279 -0.649387 0.093045
v -0.287279 -0.634191 0.093045
v 0.287279 -0.649387 0.093045
v 0.244390 -0.649387 0.176993
v 0.244390 -0.634191 0.176993
v 0.287279 -0.634191 0.093045
v -0.302056 -0.649387 0.000000
v -0.302056 -0.634191 0.000000
v 0.177574 -0.649387 0.243629
v 0.177574 -0.634191 0.243629
v 0.093362 -0.649387 -0.286421
v 0.093362 -0.634191 -0.286421
v -0.287279 -0.649387 -0.093044
v -0.287279 -0.634191 -0.093044
v 0.093362 -0.649387 0.286421
v 0.093362 -0.634191 0.286421
v 0.177574 -0.649387 -0.243628
v 0.177574 -0.634191 -0.243628
v -0.244390 -0.649387 -0.176992
v -0.244390 -0.634191 -0.176992
v -0.000000 0.610088 -0.307733
v 0.095095 0.610088 -0.292671
v 0.104780 0.610088 -0.322481
v -0.000000 0.610088 -0.339077
v 0.180881 0.610088 -0.248961
v 0.199304 0.610088 -0.274319
v 0.248961 0.610088 -0.180881
v 0.274319 0.610088 -0.199304
v 0.292671 0.610088 -0.095095
v 0.322481 0.610088 -0.104781
v 0.307733 0.610088 -0.000000
v 0.339076 0.610088 -0.000000
v 0.292671 0.610088 0.095095
v 0.322481 0.610088 0.104780
v 0.248961 0.610088 0.180881
v 0.274319 0.610088 0.199304
v 0.180881 0.610088 0.248961
v 0.199304 0.610088 0.274319
v 0.095095 0.610088 0.292671
v 0.104780 0.610088 0.322481
v -0.000000 0.610088 0.307733
v -0.000000 0.610088 0.339076
v -0.095095 0.610088 0.292671
v -0.104780 0.610088 0.322481
v -0.180881 0.610088 0.248961
v -0.199304 0.610088 0.274319
v -0.248961 0.610088 0.180881
v -0.274319 0.610088 0.199304
v -0.292671 0.610088 0.095095
v -0.322481 0.610088 0.104780
v -0.307733 0.610088 -0.000000
v -0.339076 0.610088 -0.000000
v -0.292671 0.610088 -0.095095
v -0.322481 0.610088 -0.104781
v -0.248961 0.610088 -0.180881
v -0.274319 0.610088 -0.199304
v -0.180881 0.610088 -0.248961
v -0.199304 0.610088 -0.274319
v -0.095095 0.610088 -0.292671
v -0.104780 0.610088 -0.322481
v 0.095095 0.579652 -0.292671
v 0.095095 0.579652 0.292671
v 0.180881 0.579652 0.248961
v 0.180881 0.579652 -0.248961
v 0.180881 0.610088 0.248961
v 0.248961 0.610088 0.180881
v 0.248961 0.579652 0.180881
v 0.180881 0.579652 0.248961
v 0.095095 0.610088 -0.292671
v -0.000000 0.610088 -0.307733
v -0.000000 0.579652 -0.307733
v 0.095095 0.579652 -0.292671
v -0.292671 0.610088 -0.095095
v -0.292671 0.579652 -0.095095
v 0.095095 0.610088 0.292671
v 0.095095 0.579652 0.292671
v 0.180881 0.610088 -0.248961
v 0.180881 0.579652 -0.248961
v -0.248961 0.610088 -0.180881
v -0.248961 0.579652 -0.180881
v -0.000000 0.610088 0.307733
v -0.000000 0.579652 0.307733
v 0.248961 0.610088 -0.180881
v 0.248961 0.579652 -0.180881
v -0.180881 0.610088 -0.248961
v -0.180881 0.579652 -0.248961
v -0.095095 0.610088 0.292671
v -0.095095 0.579652 0.292671
v 0.292671 0.610088 -0.095095
v 0.292671 0.579652 -0.095095
v -0.095095 0.610088 -0.292671
v -0.095095 0.579652 -0.292671
v -0.180881 0.610088 0.248961
v -0.180881 0.579652 0.248961
v 0.307733 0.610088 -0.000000
v 0.307733 0.579652 -0.000000
v -0.248961 0.610088 0.180881
v -0.248961 0.579652 0.180881
v 0.292671 0.610088 0.095095
v 0.307733 0.610088 -0.000000
v 0.307733 0.579652 -0.000000
v 0.292671 0.579652 0.095095
v -0.459937 0.294231 -0.000000
v -0.472543 0.294946 -0.000000
v 0.131358 -0.420540 -0.404057
v 0.249857 -0.420540 -0.343711
v 0.256396 -0.420055 -0.352722
v 0.134793 -0.420069 -0.414641
v 0.446502 0.207597 0.145077
v 0.458491 0.208312 0.148973
v 0.376979 -0.242122 0.273891
v 0.273891 -0.242122 0.376979
v 0.281268 -0.242792 0.387132
v 0.387132 -0.242792 0.281268
v -0.369724 -0.521203 -0.119968
v -0.380322 -0.520687 -0.123414
v -0.437426 0.294231 -0.142129
v -0.449415 0.294946 -0.146024
v 0.343899 -0.420540 -0.249721
v 0.404278 -0.420540 -0.131286
v 0.414875 -0.420023 -0.134733
v 0.352907 -0.420037 -0.256273
v 0.469480 0.207597 -0.000000
v 0.482086 0.208312 -0.000000
v 0.290536 0.573781 0.211087
v 0.211087 0.573781 0.290536
v 0.217054 0.576160 0.298749
v 0.298749 0.576160 0.217054
v 0.443165 -0.242122 0.143993
v 0.455101 -0.242792 0.147871
v -0.314506 -0.521203 -0.228193
v -0.323516 -0.520701 -0.234743
v 0.425083 -0.420540 0.000000
v 0.436229 -0.420018 0.000000
v 0.465971 -0.242123 0.000000
v 0.478522 -0.242792 0.000000
v 0.404278 -0.420540 0.131286
v 0.343899 -0.420540 0.249721
v 0.352907 -0.420037 0.256274
v 0.414875 -0.420023 0.134734
v 0.376979 -0.242123 -0.273891
v 0.443165 -0.242123 -0.143993
v 0.455101 -0.242792 -0.147871
v 0.387132 -0.242792 -0.281268
v -0.270344 0.294231 -0.372097
v -0.142128 0.294231 -0.437426
v -0.146024 0.294946 -0.449415
v -0.277754 0.294946 -0.382295
v 0.249857 -0.420539 0.343712
v 0.256396 -0.420054 0.352722
v 0.379818 0.207597 -0.275954
v 0.275954 0.207597 -0.379818
v 0.283363 0.208312 -0.390016
v 0.390016 0.208312 -0.283363
v 0.000000 0.294231 -0.459937
v 0.000000 0.294946 -0.472543
v -0.100009 -0.649387 -0.306965
v -0.120131 -0.521203 -0.369225
v -0.000000 -0.521203 -0.388226
v -0.000000 -0.649387 -0.322762
v -0.190228 -0.649387 -0.261120
v -0.228502 -0.521203 -0.314081
v -0.261827 -0.649387 -0.189715
v -0.314506 -0.521203 -0.228193
v -0.307796 -0.649387 -0.099739
v -0.369724 -0.521203 -0.119968
v -0.323636 -0.649387 0.000000
v -0.388751 -0.521203 0.000000
v -0.307796 -0.649387 0.099739
v -0.369724 -0.521203 0.119969
v -0.261827 -0.649387 0.189715
v -0.314506 -0.521203 0.228193
v -0.190228 -0.649387 0.261121
v -0.228502 -0.521203 0.314081
v -0.100009 -0.649387 0.306966
v -0.120131 -0.521203 0.369225
v -0.000000 -0.649387 0.322763
v -0.000000 -0.521203 0.388226
v 0.100009 -0.649387 0.306966
v 0.120131 -0.521203 0.369225
v 0.190228 -0.649387 0.261121
v 0.228502 -0.521203 0.314081
v 0.261827 -0.649387 0.189715
v 0.314506 -0.521203 0.228194
v 0.307796 -0.649387 0.099739
v 0.369724 -0.521203 0.119968
v 0.323636 -0.649387 0.000000
v 0.388751 -0.521203 0.000000
v 0.307796 -0.649387 -0.099739
v 0.369724 -0.521203 -0.119968
v 0.388751 -0.521203 0.000000
v 0.323636 -0.649387 0.000000
v 0.261827 -0.649387 -0.189715
v 0.314506 -0.521203 -0.228193
v 0.190228 -0.649387 -0.261120
v 0.228502 -0.521203 -0.314081
v 0.100009 -0.649387 -0.306965
v 0.120131 -0.521203 -0.369225
v 0.131358 -0.420539 0.404057
v 0.134793 -0.420068 0.414641
v 0.000000 0.207597 -0.469481
v -0.145077 0.207597 -0.446503
v -0.148973 0.208312 -0.458492
v 0.000000 0.208312 -0.482087
v -0.131358 -0.420539 0.404057
v -0.134793 -0.420068 0.414641
v 0.145077 0.207597 -0.446503
v 0.148973 0.208312 -0.458492
v 0.000000 -0.339341 -0.453810
v -0.140235 -0.339341 -0.431599
v -0.144113 -0.340010 -0.443535
v 0.000000 -0.340010 -0.466361
v -0.275954 0.207597 -0.379818
v -0.283363 0.208312 -0.390016
v -0.404278 -0.420540 0.131286
v -0.414875 -0.420023 0.134734
v -0.266743 -0.339341 -0.367140
v -0.274120 -0.340010 -0.377293
v -0.379818 0.207597 -0.275954
v -0.446502 0.207597 -0.145078
v -0.458491 0.208312 -0.148973
v -0.390016 0.208312 -0.283363
v -0.404278 -0.420540 -0.131286
v -0.414875 -0.420023 -0.134733
v -0.367140 -0.339341 -0.266743
v -0.377294 -0.340010 -0.274120
v -0.469480 0.207597 -0.000000
v -0.482086 0.208312 -0.000000
v 0.000000 -0.420540 -0.424851
v -0.000000 -0.420074 -0.435976
v -0.431599 -0.339341 -0.140235
v -0.443535 -0.340010 -0.144113
v -0.446502 0.207597 0.145077
v -0.458491 0.208312 0.148973
v -0.376979 -0.242123 -0.273891
v -0.387132 -0.242792 -0.281268
v -0.453810 -0.339341 0.000000
v -0.466360 -0.340010 0.000000
v -0.145077 0.207597 0.446503
v -0.148973 0.208312 0.458492
v -0.149009 0.082938 -0.458604
v 0.000000 0.082938 -0.482205
v 0.000000 -0.018769 -0.486120
v -0.150219 -0.018769 -0.462328
v -0.283433 0.082938 -0.390112
v -0.285734 -0.018769 -0.393279
v -0.390112 0.082938 -0.283433
v -0.393279 -0.018769 -0.285734
v -0.458604 0.082938 -0.149010
v -0.462328 -0.018769 -0.150219
v -0.482205 0.082938 -0.000000
v -0.486120 -0.018769 -0.000000
v -0.458604 0.082938 0.149010
v -0.462328 -0.018769 0.150219
v -0.390112 0.082938 0.283433
v -0.393279 -0.018769 0.285734
v -0.283433 0.082938 0.390112
v -0.285734 -0.018769 0.393280
v -0.149009 0.082938 0.458604
v -0.150219 -0.018769 0.462328
v -0.000000 0.082938 0.482205
v -0.000000 -0.018769 0.486120
v 0.149010 0.082938 0.458604
v 0.150219 -0.018769 0.462328
v 0.283433 0.082938 0.390112
v 0.285734 -0.018769 0.393280
v 0.390112 0.082938 0.283433
v 0.393279 -0.018769 0.285734
v 0.458604 0.082938 0.149010
v 0.462328 -0.018769 0.150219
v 0.482205 0.082938 0.000000
v 0.486120 -0.018769 0.000000
v 0.458604 0.082938 -0.149010
v 0.482205 0.082938 0.000000
v 0.486120 -0.018769 0.000000
v 0.462328 -0.018769 -0.150219
v 0.390112 0.082938 -0.283433
v 0.393279 -0.018769 -0.285734
v 0.283433 0.082938 -0.390112
v 0.285734 -0.018769 -0.393280
v 0.149010 0.082938 -0.458604
v 0.150219 -0.018769 -0.462328
v 0.145077 0.207597 -0.446503
v 0.275954 0.207597 -0.379818
v 0.000000 0.207597 -0.469481
v 0.379818 0.207597 -0.275954
v 0.446502 0.207597 -0.145077
v 0.469480 0.207597 -0.000000
v 0.469480 0.207597 -0.000000
v 0.446502 0.207597 0.145077
v 0.379818 0.207597 0.275954
v 0.275954 0.207597 0.379818
v 0.145077 0.207597 0.446502
v -0.000000 0.207597 0.469481
v -0.145077 0.207597 0.446503
v -0.275954 0.207597 0.379818
v -0.379818 0.207597 0.275954
v -0.446502 0.207597 0.145077
v -0.469480 0.207597 -0.000000
v -0.446502 0.207597 -0.145078
v -0.379818 0.207597 -0.275954
v -0.275954 0.207597 -0.379818
v -0.145077 0.207597 -0.446503
v -0.142128 0.294231 -0.437426
v -0.123553 0.494760 -0.380257
v -0.000000 0.494760 -0.399826
v 0.000000 0.294231 -0.459937
v -0.270344 0.294231 -0.372097
v -0.235012 0.494760 -0.323466
v -0.372097 0.294231 -0.270344
v -0.323466 0.494760 -0.235012
v -0.437426 0.294231 -0.142129
v -0.380257 0.494760 -0.123553
v -0.459937 0.294231 -0.000000
v -0.399826 0.494760 -0.000000
v -0.437426 0.294231 0.142128
v -0.380257 0.494760 0.123553
v -0.372097 0.294231 0.270344
v -0.323466 0.494760 0.235012
v -0.270344 0.294231 0.372097
v -0.235012 0.494760 0.323466
v -0.142128 0.294231 0.437426
v -0.123553 0.494760 0.380257
v -0.000000 0.294231 0.459937
v -0.000000 0.494760 0.399826
v 0.142128 0.294231 0.437426
v 0.123553 0.494760 0.380257
v 0.270344 0.294231 0.372097
v 0.235012 0.494760 0.323466
v 0.372097 0.294231 0.270344
v 0.323466 0.494760 0.235012
v 0.437426 0.294231 0.142128
v 0.380257 0.494760 0.123553
v 0.459937 0.294231 -0.000000
v 0.399826 0.494760 -0.000000
v 0.437426 0.294231 -0.142128
v 0.380257 0.494760 -0.123553
v 0.399826 0.494760 -0.000000
v 0.459937 0.294231 -0.000000
v 0.372097 0.294231 -0.270344
v 0.323466 0.494760 -0.235012
v 0.270344 0.294231 -0.372097
v 0.235012 0.494760 -0.323466
v 0.142128 0.294231 -0.437426
v 0.123553 0.494760 -0.380257
v 0.000000 -0.242123 -0.465971
v 0.000000 -0.242792 -0.478522
v -0.341545 0.573781 -0.110975
v -0.290536 0.573781 -0.211087
v -0.298749 0.576160 -0.217054
v -0.351200 0.576160 -0.114112
v 0.290536 0.573781 -0.211087
v 0.298749 0.576160 -0.217054
v -0.431599 -0.339341 0.140235
v -0.443535 -0.340010 0.144113
v 0.145077 0.207597 0.446502
v 0.148973 0.208312 0.458492
v 0.341545 0.573781 -0.110975
v 0.359122 0.573781 -0.000000
v 0.369274 0.576160 -0.000000
v 0.351200 0.576160 -0.114112
v -0.367140 -0.339341 0.266743
v -0.377294 -0.340010 0.274120
v 0.469480 0.207597 -0.000000
v 0.446502 0.207597 -0.145077
v 0.458491 0.208312 -0.148973
v 0.482086 0.208312 -0.000000
v 0.359122 0.573781 -0.000000
v 0.341545 0.573781 0.110975
v 0.351200 0.576160 0.114112
v 0.369274 0.576160 -0.000000
v -0.266743 -0.339341 0.367140
v -0.274120 -0.340010 0.377294
v -0.110975 0.573781 -0.341546
v -0.114112 0.576160 -0.351200
v -0.140235 -0.339341 0.431599
v -0.144113 -0.340010 0.443535
v 0.110975 0.573781 0.341545
v 0.114112 0.576160 0.351200
v -0.000000 -0.339341 0.453810
v -0.000000 -0.340010 0.466361
v -0.443165 -0.242122 0.143993
v -0.455101 -0.242792 0.147871
v -0.000000 0.573781 0.359122
v -0.000000 0.576160 0.369274
v -0.000000 0.207597 0.469481
v -0.000000 0.208312 0.482087
v -0.110975 0.573781 0.341545
v -0.114112 0.576160 0.351200
v 0.142128 0.294231 -0.437426
v 0.146024 0.294946 -0.449415
v -0.211087 0.573781 0.290536
v -0.217054 0.576160 0.298749
v 0.323466 0.494760 -0.235012
v 0.235012 0.494760 -0.323466
v 0.240979 0.497140 -0.331679
v 0.331679 0.497140 -0.240979
v 0.372097 0.294231 -0.270344
v 0.437426 0.294231 -0.142128
v 0.449415 0.294946 -0.146024
v 0.382295 0.294946 -0.277754
v -0.290536 0.573781 0.211087
v -0.298749 0.576160 0.217054
v 0.123553 0.494760 -0.380257
v -0.000000 0.494760 -0.399826
v -0.000000 0.497140 -0.409977
v 0.126690 0.497140 -0.389912
v 0.380257 0.494760 -0.123553
v 0.389912 0.497140 -0.126690
v 0.459937 0.294231 -0.000000
v 0.437426 0.294231 0.142128
v 0.449415 0.294946 0.146024
v 0.472543 0.294946 -0.000000
v -0.359122 0.573781 -0.000000
v -0.369274 0.576160 -0.000000
v 0.399826 0.494760 -0.000000
v 0.409977 0.497140 -0.000000
v 0.143993 -0.242122 0.443165
v 0.147871 -0.242791 0.455101
v 0.372097 0.294231 0.270344
v 0.382295 0.294946 0.277754
v -0.211087 0.573781 -0.290536
v -0.217054 0.576160 -0.298749
v 0.380257 0.494760 0.123553
v 0.399826 0.494760 -0.000000
v 0.409977 0.497140 -0.000000
v 0.389911 0.497140 0.126690
v 0.323466 0.494760 0.235012
v 0.331679 0.497140 0.240978
v 0.465971 -0.242123 0.000000
v 0.478522 -0.242792 0.000000
v -0.372097 0.294231 -0.270344
v -0.382295 0.294946 -0.277754
v -0.000000 -0.420539 0.424851
v -0.000000 -0.420074 0.435977
v 0.388751 -0.521203 0.000000
v 0.369724 -0.521203 -0.119968
v 0.380322 -0.520687 -0.123413
v 0.399897 -0.520682 0.000000
v 0.120131 -0.521203 -0.369225
v -0.000000 -0.521203 -0.388226
v -0.000000 -0.520738 -0.399352
v 0.123568 -0.520733 -0.379808
v 0.273891 -0.242123 -0.376979
v 0.281268 -0.242792 -0.387132
v 0.314506 -0.521203 -0.228193
v 0.323516 -0.520701 -0.234743
v 0.143993 -0.242123 -0.443165
v 0.147871 -0.242792 -0.455101
v 0.228502 -0.521203 0.314081
v 0.314506 -0.521203 0.228194
v 0.323516 -0.520701 0.234743
v 0.235044 -0.520718 0.323090
v 0.369724 -0.521203 0.119968
v 0.388751 -0.521203 0.000000
v 0.399897 -0.520682 0.000000
v 0.380322 -0.520687 0.123414
v -0.425083 -0.420540 0.000000
v -0.436229 -0.420018 0.000000
v 0.120131 -0.521203 0.369225
v 0.123568 -0.520732 0.379808
v -0.323466 0.494760 0.235012
v -0.235012 0.494760 0.323466
v -0.240979 0.497140 0.331679
v -0.331679 0.497140 0.240978
v -0.000000 -0.521203 0.388226
v -0.000000 -0.520738 0.399352
v -0.380257 0.494760 0.123553
v -0.389911 0.497140 0.126690
v -0.228502 -0.521203 -0.314081
v -0.235044 -0.520719 -0.323089
v -0.399826 0.494760 -0.000000
v -0.409977 0.497140 -0.000000
v -0.235012 0.494760 -0.323466
v -0.323466 0.494760 -0.235012
v -0.331679 0.497140 -0.240979
v -0.240979 0.497140 -0.331679
v -0.380257 0.494760 -0.123553
v -0.389911 0.497140 -0.126690
v 0.235012 0.494760 0.323466
v 0.240979 0.497140 0.331679
v 0.123553 0.494760 0.380257
v 0.126690 0.497140 0.389912
v 0.140235 -0.339341 0.431599
v 0.266743 -0.339341 0.367140
v 0.274120 -0.340010 0.377294
v 0.144113 -0.340010 0.443535
v 0.270344 0.294231 -0.372097
v 0.277754 0.294946 -0.382295
v -0.000000 0.494760 0.399826
v -0.000000 0.497140 0.409977
v 0.367140 -0.339341 0.266743
v 0.377293 -0.340010 0.274120
v 0.431599 -0.339341 0.140235
v 0.443535 -0.340010 0.144113
v -0.123553 0.494760 0.380257
v -0.126690 0.497140 0.389912
v -0.123553 0.494760 -0.380257
v -0.126690 0.497140 -0.389912
v 0.228502 -0.521203 -0.314081
v 0.235044 -0.520719 -0.323089
v 0.425083 -0.420540 0.000000
v 0.436229 -0.420018 0.000000
v 0.453810 -0.339341 0.000000
v 0.466360 -0.340010 0.000000
v 0.431599 -0.339341 -0.140235
v 0.367140 -0.339341 -0.266743
v 0.377293 -0.340010 -0.274120
v 0.443535 -0.340010 -0.144113
v 0.453810 -0.339341 0.000000
v 0.466360 -0.340010 0.000000
v -0.120131 -0.521203 -0.369225
v -0.123568 -0.520733 -0.379808
v 0.266743 -0.339341 -0.367140
v 0.274120 -0.340010 -0.377294
v 0.459937 0.294231 -0.000000
v 0.472543 0.294946 -0.000000
v 0.140235 -0.339341 -0.431599
v 0.144113 -0.340010 -0.443535
v -0.341545 0.573781 0.110975
v -0.351200 0.576160 0.114112
v 0.389911 0.497140 0.126690
v 0.351200 0.576160 0.114112
v 0.298749 0.576160 0.217054
v 0.331679 0.497140 0.240978
v 0.380322 -0.520687 0.123414
v 0.414875 -0.420023 0.134734
v 0.352907 -0.420037 0.256274
v 0.323516 -0.520701 0.234743
v 0.443535 -0.340010 0.144113
v 0.455101 -0.242792 0.147871
v 0.387132 -0.242792 0.281268
v 0.377293 -0.340010 0.274120
v 0.458491 0.208312 0.148973
v 0.449415 0.294946 0.146024
v 0.382295 0.294946 0.277754
v 0.390016 0.208312 0.283363
v -0.000000 0.497140 -0.409977
v -0.000000 0.576160 -0.369274
v 0.114112 0.576160 -0.351200
v 0.126690 0.497140 -0.389912
v 0.217054 0.576160 -0.298749
v 0.240979 0.497140 -0.331679
v 0.298749 0.576160 -0.217054
v 0.331679 0.497140 -0.240979
v 0.351200 0.576160 -0.114112
v 0.389912 0.497140 -0.126690
v 0.369274 0.576160 -0.000000
v 0.409977 0.497140 -0.000000
v 0.409977 0.497140 -0.000000
v 0.369274 0.576160 -0.000000
v 0.217054 0.576160 0.298749
v 0.240979 0.497140 0.331679
v 0.114112 0.576160 0.351200
v 0.126690 0.497140 0.389912
v -0.000000 0.576160 0.369274
v -0.000000 0.497140 0.409977
v -0.114112 0.576160 0.351200
v -0.126690 0.497140 0.389912
v -0.217054 0.576160 0.298749
v -0.240979 0.497140 0.331679
v -0.298749 0.576160 0.217054
v -0.331679 0.497140 0.240978
v -0.351200 0.576160 0.114112
v -0.389911 0.497140 0.126690
v -0.369274 0.576160 -0.000000
v -0.409977 0.497140 -0.000000
v -0.351200 0.576160 -0.114112
v -0.389911 0.497140 -0.126690
v -0.298749 0.576160 -0.217054
v -0.331679 0.497140 -0.240979
v -0.217054 0.576160 -0.298749
v -0.240979 0.497140 -0.331679
v -0.114112 0.576160 -0.351200
v -0.126690 0.497140 -0.389912
v -0.000000 -0.520738 -0.399352
v -0.000000 -0.420074 -0.435976
v 0.134793 -0.420069 -0.414641
v 0.123568 -0.520733 -0.379808
v 0.256396 -0.420055 -0.352722
v 0.235044 -0.520719 -0.323089
v 0.352907 -0.420037 -0.256273
v 0.323516 -0.520701 -0.234743
v 0.414875 -0.420023 -0.134733
v 0.380322 -0.520687 -0.123413
v 0.436229 -0.420018 0.000000
v 0.399897 -0.520682 0.000000
v 0.399897 -0.520682 0.000000
v 0.436229 -0.420018 0.000000
v 0.256396 -0.420054 0.352722
v 0.235044 -0.520718 0.323090
v 0.134793 -0.420068 0.414641
v 0.123568 -0.520732 0.379808
v -0.000000 -0.420074 0.435977
v -0.000000 -0.520738 0.399352
v -0.134793 -0.420068 0.414641
v -0.123568 -0.520732 0.379808
v -0.256396 -0.420054 0.352722
v -0.235044 -0.520718 0.323089
v -0.352907 -0.420037 0.256273
v -0.323516 -0.520701 0.234743
v -0.414875 -0.420023 0.134734
v -0.380322 -0.520687 0.123414
v -0.436229 -0.420018 0.000000
v -0.399897 -0.520682 0.000000
v -0.414875 -0.420023 -0.134733
v -0.380322 -0.520687 -0.123414
v -0.352907 -0.420037 -0.256273
v -0.323516 -0.520701 -0.234743
v -0.256396 -0.420055 -0.352722
v -0.235044 -0.520719 -0.323089
v -0.134793 -0.420069 -0.414641
v -0.123568 -0.520733 -0.379808
v -0.144113 -0.340010 -0.443535
v -0.147871 -0.242792 -0.455101
v 0.000000 -0.242792 -0.478522
v 0.000000 -0.340010 -0.466361
v -0.274120 -0.340010 -0.377293
v -0.281268 -0.242792 -0.387132
v -0.377294 -0.340010 -0.274120
v -0.387132 -0.242792 -0.281268
v -0.443535 -0.340010 -0.144113
v -0.455101 -0.242792 -0.147871
v -0.466360 -0.340010 0.000000
v -0.478522 -0.242792 0.000000
v -0.443535 -0.340010 0.144113
v -0.455101 -0.242792 0.147871
v -0.377294 -0.340010 0.274120
v -0.387132 -0.242792 0.281268
v -0.274120 -0.340010 0.377294
v -0.281268 -0.242792 0.387132
v -0.144113 -0.340010 0.443535
v -0.147871 -0.242791 0.455101
v -0.000000 -0.340010 0.466361
v -0.000000 -0.242791 0.478522
v 0.144113 -0.340010 0.443535
v 0.147871 -0.242791 0.455101
v 0.274120 -0.340010 0.377294
v 0.281268 -0.242792 0.387132
v 0.466360 -0.340010 0.000000
v 0.478522 -0.242792 0.000000
v 0.443535 -0.340010 -0.144113
v 0.455101 -0.242792 -0.147871
v 0.478522 -0.242792 0.000000
v 0.466360 -0.340010 0.000000
v 0.377293 -0.340010 -0.274120
v 0.387132 -0.242792 -0.281268
v 0.274120 -0.340010 -0.377294
v 0.281268 -0.242792 -0.387132
v 0.144113 -0.340010 -0.443535
v 0.147871 -0.242792 -0.455101
v 0.148973 0.208312 -0.458492
v 0.146024 0.294946 -0.449415
v 0.277754 0.294946 -0.382295
v 0.283363 0.208312 -0.390016
v 0.000000 0.208312 -0.482087
v 0.000000 0.294946 -0.472543
v 0.382295 0.294946 -0.277754
v 0.390016 0.208312 -0.283363
v 0.449415 0.294946 -0.146024
v 0.458491 0.208312 -0.148973
v 0.472543 0.294946 -0.000000
v 0.482086 0.208312 -0.000000
v 0.482086 0.208312 -0.000000
v 0.472543 0.294946 -0.000000
v 0.277754 0.294946 0.382295
v 0.283363 0.208312 0.390016
v 0.146024 0.294946 0.449415
v 0.148973 0.208312 0.458492
v -0.000000 0.294946 0.472543
v -0.000000 0.208312 0.482087
v -0.146024 0.294946 0.449415
v -0.148973 0.208312 0.458492
v -0.277754 0.294946 0.382295
v -0.283363 0.208312 0.390016
v -0.382295 0.294946 0.277754
v -0.390016 0.208312 0.283363
v -0.449415 0.294946 0.146024
v -0.458491 0.208312 0.148973
v -0.472543 0.294946 -0.000000
v -0.482086 0.208312 -0.000000
v -0.449415 0.294946 -0.146024
v -0.458491 0.208312 -0.148973
v -0.382295 0.294946 -0.277754
v -0.390016 0.208312 -0.283363
v -0.277754 0.294946 -0.382295
v -0.283363 0.208312 -0.390016
v -0.146024 0.294946 -0.449415
v -0.148973 0.208312 -0.458492
v 0.247061 0.570888 -0.036983
v 0.247061 0.603829 -0.036983
v 0.265552 0.603829 -0.032028
v 0.265552 0.570888 -0.032028
v 0.279089 0.603829 -0.018491
v 0.279089 0.570888 -0.018491
v 0.279089 0.570888 -0.018491
v 0.279089 0.603829 -0.018491
v 0.284043 0.603829 -0.000000
v 0.284043 0.570888 -0.000000
v 0.279089 0.603829 0.018491
v 0.279089 0.570888 0.018491
v 0.265552 0.603829 0.032028
v 0.265552 0.570888 0.032028
v 0.247061 0.603829 0.036982
v 0.247061 0.570888 0.036982
v 0.228569 0.603829 0.032028
v 0.228569 0.570888 0.032028
v 0.215033 0.603829 0.018491
v 0.215033 0.570888 0.018491
v 0.210078 0.603829 -0.000000
v 0.210078 0.570888 -0.000000
v 0.215033 0.603829 -0.018491
v 0.215033 0.570888 -0.018491
v 0.265552 0.603829 -0.032028
v 0.265552 0.603829 0.032028
v 0.228569 0.603829 -0.032028
v 0.228569 0.570888 -0.032028
v 0.247061 0.603829 0.036982
v 0.247061 0.603829 -0.036983
v 0.228569 0.603829 -0.032028
v 0.228569 0.603829 0.032028
v -0.000000 0.579652 0.307733
v -0.000000 0.579652 -0.307733
v -0.095095 0.579652 -0.292671
v -0.095095 0.579652 0.292671
v -0.180881 0.579652 -0.248961
v -0.180881 0.579652 0.248961
v -0.248961 0.579652 -0.180881
v -0.248961 0.579652 0.180881
v 0.248961 0.579652 0.180881
v 0.248961 0.579652 -0.180881
v -0.093362 -0.634191 0.286421
v 0.093362 -0.634191 -0.286421
v 0.177574 -0.634191 -0.243628
v -0.000000 -0.634191 0.301168
v 0.244390 -0.634191 -0.176992
v 0.093362 -0.634191 0.286421
v -0.287279 -0.634191 0.093045
v -0.177574 -0.634191 -0.243628
v 0.287279 -0.634191 -0.093044
v 0.177574 -0.634191 0.243629
vt 0.426088 0.440929
vt 0.429224 0.429224
vt 0.426088 0.434656
vt 0.449497 0.434656
vt 0.446361 0.446361
vt 0.449497 0.440929
vt 0.615547 0.607855
vt 0.571483 0.651920
vt 0.597005 0.633377
vt 0.669662 0.280301
vt 0.641951 0.225967
vt 0.651490 0.255325
vt 0.809755 0.140749
vt 0.837467 0.195084
vt 0.827928 0.165726
vt 0.435867 0.516303
vt 0.479931 0.472239
vt 0.454409 0.490782
vt 0.484788 0.256892
vt 0.514250 0.247346
vt 0.513146 0.240357
vt 0.481587 0.250582
vt 0.459721 0.275046
vt 0.454732 0.270032
vt 0.441503 0.300028
vt 0.435210 0.296802
vt 0.431914 0.329390
vt 0.424932 0.328272
vt 0.431888 0.360259
vt 0.424904 0.361362
vt 0.441427 0.389616
vt 0.435129 0.392832
vt 0.459600 0.414593
vt 0.454607 0.419602
vt 0.484631 0.432743
vt 0.481430 0.439051
vt 0.514073 0.442288
vt 0.512972 0.449277
vt 0.545043 0.442288
vt 0.546147 0.449277
vt 0.574505 0.432742
vt 0.577706 0.439051
vt 0.599572 0.414588
vt 0.604561 0.419602
vt 0.617790 0.389606
vt 0.624083 0.392832
vt 0.627379 0.360244
vt 0.634361 0.361362
vt 0.627405 0.329375
vt 0.634389 0.328272
vt 0.617866 0.300017
vt 0.624164 0.296802
vt 0.599693 0.275041
vt 0.604686 0.270032
vt 0.574662 0.256890
vt 0.577864 0.250582
vt 0.545220 0.247346
vt 0.546321 0.240357
vt 0.755105 0.307996
vt 0.669784 0.140755
vt 0.651566 0.165737
vt 0.724135 0.307996
vt 0.623590 0.165508
vt 0.605047 0.191030
vt 0.612309 0.198292
vt 0.632740 0.170171
vt 0.579526 0.209573
vt 0.584188 0.218723
vt 0.549523 0.219321
vt 0.551129 0.229465
vt 0.517976 0.219321
vt 0.516370 0.229465
vt 0.487974 0.209573
vt 0.483311 0.218723
vt 0.462452 0.191030
vt 0.455190 0.198292
vt 0.443909 0.165508
vt 0.434759 0.170171
vt 0.434161 0.135506
vt 0.424017 0.137112
vt 0.434161 0.103959
vt 0.424017 0.102352
vt 0.443909 0.073956
vt 0.434759 0.069294
vt 0.462452 0.048435
vt 0.455190 0.041173
vt 0.487974 0.029892
vt 0.483311 0.020741
vt 0.517976 0.020144
vt 0.516370 0.010000
vt 0.549523 0.020144
vt 0.551129 0.010000
vt 0.579526 0.029892
vt 0.584188 0.020741
vt 0.605047 0.048435
vt 0.612309 0.041173
vt 0.623590 0.073956
vt 0.632741 0.069294
vt 0.633338 0.103959
vt 0.643482 0.102353
vt 0.633338 0.135506
vt 0.643482 0.137112
vt 0.435867 0.607855
vt 0.571483 0.472239
vt 0.541480 0.462490
vt 0.426118 0.577853
vt 0.446361 0.429224
vt 0.440929 0.449497
vt 0.434656 0.449497
vt 0.440929 0.426088
vt 0.434656 0.426088
vt 0.429224 0.446361
vt 0.597005 0.490782
vt 0.454409 0.633377
vt 0.479931 0.651920
vt 0.615547 0.516303
vt 0.509934 0.661668
vt 0.625296 0.546306
vt 0.541480 0.661668
vt 0.625296 0.577852
vt 0.509934 0.462490
vt 0.426118 0.546306
vt 0.694850 0.122600
vt 0.784567 0.298450
vt 0.809634 0.280296
vt 0.724312 0.113055
vt 0.827852 0.255314
vt 0.755282 0.113054
vt 0.641976 0.195098
vt 0.694693 0.298452
vt 0.837441 0.225952
vt 0.784724 0.122599
vt 0.404032 0.183799
vt 0.414139 0.183799
vt 0.414139 0.149039
vt 0.404032 0.149039
vt 0.414139 0.114279
vt 0.404032 0.114279
vt 0.414139 0.079520
vt 0.404032 0.079520
vt 0.414139 0.044760
vt 0.404032 0.044760
vt 0.414139 0.010000
vt 0.404032 0.010000
vt 0.404032 0.705179
vt 0.414139 0.705179
vt 0.414139 0.670427
vt 0.404032 0.670427
vt 0.414139 0.635668
vt 0.404032 0.635668
vt 0.414139 0.600908
vt 0.404032 0.600908
vt 0.414139 0.566148
vt 0.404032 0.566148
vt 0.414139 0.531388
vt 0.404032 0.531388
vt 0.414139 0.496629
vt 0.404032 0.496629
vt 0.414139 0.461869
vt 0.404032 0.461869
vt 0.414139 0.427109
vt 0.404032 0.427109
vt 0.414139 0.392349
vt 0.404032 0.392349
vt 0.414139 0.357590
vt 0.404032 0.357590
vt 0.414139 0.322838
vt 0.404032 0.322838
vt 0.414139 0.288078
vt 0.404032 0.288078
vt 0.414139 0.253318
vt 0.404032 0.253318
vt 0.661290 0.649303
vt 0.661290 0.680850
vt 0.667730 0.680850
vt 0.667730 0.649303
vt 0.414139 0.218558
vt 0.404032 0.218558
vt 0.649543 0.822861
vt 0.649544 0.791892
vt 0.646328 0.791892
vt 0.646328 0.822861
vt 0.188830 0.320192
vt 0.188830 0.364506
vt 0.192518 0.364506
vt 0.192518 0.320192
vt 0.140203 0.736772
vt 0.140203 0.694020
vt 0.136492 0.694020
vt 0.136492 0.736772
vt 0.116085 0.523012
vt 0.116085 0.565764
vt 0.119796 0.565764
vt 0.119796 0.523012
vt 0.140203 0.651268
vt 0.140203 0.608516
vt 0.136492 0.608516
vt 0.136492 0.651268
vt 0.392584 0.182242
vt 0.392584 0.147794
vt 0.389601 0.147794
vt 0.389601 0.182242
vt 0.140203 0.565764
vt 0.136492 0.565764
vt 0.392584 0.113346
vt 0.389601 0.113346
vt 0.152458 0.581132
vt 0.152458 0.625067
vt 0.156033 0.625067
vt 0.156033 0.581132
vt 0.220885 0.320192
vt 0.220885 0.275877
vt 0.217197 0.275877
vt 0.217197 0.320192
vt 0.152458 0.449338
vt 0.152458 0.493263
vt 0.156033 0.493263
vt 0.156033 0.449338
vt 0.220885 0.364506
vt 0.217197 0.364506
vt 0.152458 0.317534
vt 0.152458 0.361468
vt 0.156033 0.361468
vt 0.156033 0.317534
vt 0.220885 0.408821
vt 0.217197 0.408821
vt 0.188830 0.541755
vt 0.188830 0.586069
vt 0.192518 0.586069
vt 0.192518 0.541755
vt 0.140203 0.523012
vt 0.140203 0.480260
vt 0.136492 0.480260
vt 0.136492 0.523012
vt 0.116085 0.736772
vt 0.116085 0.779523
vt 0.119796 0.779523
vt 0.119796 0.736772
vt 0.152458 0.229664
vt 0.152458 0.273599
vt 0.156033 0.273599
vt 0.156033 0.229664
vt 0.220885 0.453136
vt 0.217197 0.453136
vt 0.356943 0.707959
vt 0.337350 0.707959
vt 0.337350 0.754491
vt 0.356943 0.754491
vt 0.337350 0.801023
vt 0.356943 0.801023
vt 0.337350 0.847555
vt 0.356943 0.847555
vt 0.337350 0.894087
vt 0.356943 0.894087
vt 0.337350 0.940619
vt 0.356943 0.940619
vt 0.356943 0.010000
vt 0.337350 0.010000
vt 0.337350 0.056521
vt 0.356943 0.056521
vt 0.337350 0.103053
vt 0.356943 0.103053
vt 0.337350 0.149585
vt 0.356943 0.149585
vt 0.337350 0.196117
vt 0.356943 0.196117
vt 0.337350 0.242649
vt 0.356943 0.242649
vt 0.337350 0.289181
vt 0.356943 0.289181
vt 0.337350 0.335713
vt 0.356943 0.335713
vt 0.337350 0.382245
vt 0.356943 0.382245
vt 0.337350 0.428777
vt 0.356943 0.428777
vt 0.337350 0.475309
vt 0.356943 0.475309
vt 0.337350 0.521831
vt 0.356943 0.521831
vt 0.337350 0.568363
vt 0.356943 0.568363
vt 0.337350 0.614895
vt 0.356943 0.614895
vt 0.337350 0.661427
vt 0.356943 0.661427
vt 0.188830 0.630384
vt 0.192518 0.630384
vt 0.105070 0.646992
vt 0.079118 0.646992
vt 0.079118 0.695993
vt 0.105070 0.695993
vt 0.105070 0.597991
vt 0.079118 0.597991
vt 0.105070 0.548990
vt 0.079118 0.548990
vt 0.105070 0.500000
vt 0.079118 0.500000
vt 0.105070 0.450999
vt 0.079118 0.450999
vt 0.105070 0.401998
vt 0.079118 0.401998
vt 0.105070 0.352997
vt 0.079118 0.352997
vt 0.105070 0.303996
vt 0.079118 0.303996
vt 0.105070 0.254995
vt 0.079118 0.254995
vt 0.105070 0.205993
vt 0.079118 0.205993
vt 0.105070 0.156992
vt 0.079118 0.156992
vt 0.105070 0.107991
vt 0.079118 0.107991
vt 0.105070 0.058990
vt 0.079118 0.058990
vt 0.105070 0.010000
vt 0.079118 0.010000
vt 0.105070 0.940999
vt 0.079118 0.940999
vt 0.079118 0.990000
vt 0.105070 0.990000
vt 0.105070 0.891998
vt 0.079118 0.891998
vt 0.105070 0.842997
vt 0.079118 0.842997
vt 0.105070 0.793996
vt 0.079118 0.793996
vt 0.079118 0.744995
vt 0.105070 0.744995
vt 0.649543 0.420826
vt 0.649543 0.389938
vt 0.646328 0.389938
vt 0.646328 0.420826
vt 0.649544 0.575590
vt 0.649544 0.544639
vt 0.646328 0.544639
vt 0.646328 0.575590
vt 0.649544 0.760942
vt 0.646328 0.760942
vt 0.649543 0.359068
vt 0.646328 0.359068
vt 0.649544 0.513668
vt 0.646328 0.513668
vt 0.649544 0.730023
vt 0.646329 0.730023
vt 0.649543 0.328199
vt 0.646328 0.328199
vt 0.649544 0.699136
vt 0.646329 0.699136
vt 0.649543 0.946583
vt 0.649543 0.915697
vt 0.646328 0.915697
vt 0.646328 0.946583
vt 0.649544 0.668267
vt 0.646329 0.668267
vt 0.649543 0.884779
vt 0.646328 0.884779
vt 0.649544 0.482698
vt 0.646328 0.482698
vt 0.649544 0.637398
vt 0.646329 0.637398
vt 0.649543 0.853829
vt 0.646328 0.853829
vt 0.649543 0.451746
vt 0.646328 0.451746
vt 0.649544 0.606510
vt 0.646329 0.606510
vt 0.661290 0.870129
vt 0.661290 0.901676
vt 0.667730 0.901676
vt 0.667730 0.870129
vt 0.661290 0.460024
vt 0.661290 0.491570
vt 0.667730 0.491570
vt 0.667730 0.460024
vt 0.661290 0.617757
vt 0.667730 0.617757
vt 0.661290 0.838583
vt 0.667730 0.838583
vt 0.661290 0.428477
vt 0.667730 0.428477
vt 0.661290 0.586210
vt 0.667730 0.586210
vt 0.661290 0.807036
vt 0.667730 0.807036
vt 0.661290 0.396930
vt 0.667730 0.396930
vt 0.661290 0.554664
vt 0.667730 0.554664
vt 0.661290 0.775489
vt 0.667730 0.775489
vt 0.661290 0.365383
vt 0.667730 0.365383
vt 0.661290 0.523117
vt 0.667730 0.523117
vt 0.661290 0.743943
vt 0.667730 0.743943
vt 0.661290 0.333836
vt 0.667730 0.333836
vt 0.661290 0.712396
vt 0.667730 0.712396
vt 0.661290 0.933223
vt 0.661290 0.964769
vt 0.667730 0.964769
vt 0.667730 0.933223
vt 0.140203 0.437509
vt 0.136492 0.437509
vt 0.188830 0.719013
vt 0.188830 0.763327
vt 0.192518 0.763327
vt 0.192518 0.719013
vt 0.116085 0.822275
vt 0.119796 0.822275
vt 0.152458 0.097860
vt 0.152458 0.141795
vt 0.156033 0.141795
vt 0.156033 0.097860
vt 0.220885 0.497440
vt 0.217197 0.497440
vt 0.140203 0.394767
vt 0.136492 0.394767
vt 0.188830 0.807642
vt 0.188830 0.851956
vt 0.192518 0.851956
vt 0.192518 0.807642
vt 0.116085 0.865017
vt 0.119796 0.865017
vt 0.392584 0.630065
vt 0.392584 0.595617
vt 0.389601 0.595617
vt 0.389601 0.630065
vt 0.152458 0.053925
vt 0.156033 0.053925
vt 0.220885 0.541755
vt 0.217197 0.541755
vt 0.188830 0.896271
vt 0.192518 0.896271
vt 0.152458 0.010000
vt 0.156033 0.010000
vt 0.188830 0.054305
vt 0.188830 0.098619
vt 0.192518 0.098619
vt 0.192518 0.054305
vt 0.152458 0.800806
vt 0.152458 0.844741
vt 0.156033 0.844741
vt 0.156033 0.800806
vt 0.140203 0.309263
vt 0.140203 0.266511
vt 0.136492 0.266511
vt 0.136492 0.309263
vt 0.188830 0.142934
vt 0.192518 0.142934
vt 0.116085 0.095504
vt 0.116085 0.138256
vt 0.119796 0.138256
vt 0.119796 0.095504
vt 0.140203 0.223759
vt 0.136492 0.223759
vt 0.325225 0.567892
vt 0.290654 0.567892
vt 0.290654 0.607743
vt 0.325225 0.607743
vt 0.325225 0.528041
vt 0.290654 0.528041
vt 0.325225 0.488191
vt 0.290654 0.488191
vt 0.325225 0.448340
vt 0.290654 0.448340
vt 0.325225 0.408498
vt 0.290654 0.408498
vt 0.325225 0.368648
vt 0.290654 0.368648
vt 0.325225 0.328797
vt 0.290654 0.328797
vt 0.325225 0.288946
vt 0.290654 0.288946
vt 0.325225 0.249095
vt 0.290654 0.249095
vt 0.325225 0.209245
vt 0.290654 0.209245
vt 0.325225 0.169394
vt 0.290654 0.169394
vt 0.325225 0.129543
vt 0.290654 0.129543
vt 0.325225 0.089692
vt 0.290654 0.089692
vt 0.325225 0.049842
vt 0.290654 0.049842
vt 0.325225 0.010000
vt 0.290654 0.010000
vt 0.325225 0.767146
vt 0.290654 0.767146
vt 0.290654 0.806997
vt 0.325225 0.806997
vt 0.325225 0.727295
vt 0.290654 0.727295
vt 0.325225 0.687444
vt 0.290654 0.687444
vt 0.325225 0.647594
vt 0.290654 0.647594
vt 0.188830 0.187248
vt 0.192518 0.187248
vt 0.116085 0.223759
vt 0.116085 0.266511
vt 0.119796 0.266511
vt 0.119796 0.223759
vt 0.188830 0.275877
vt 0.192518 0.275877
vt 0.116085 0.181007
vt 0.119796 0.181007
vt 0.177812 0.669002
vt 0.177812 0.625067
vt 0.174237 0.625067
vt 0.174237 0.669002
vt 0.116085 0.309263
vt 0.119796 0.309263
vt 0.188830 0.408821
vt 0.192518 0.408821
vt 0.177812 0.581132
vt 0.174237 0.581132
vt 0.116085 0.352015
vt 0.116085 0.394767
vt 0.119796 0.394767
vt 0.119796 0.352015
vt 0.188830 0.497440
vt 0.192518 0.497440
vt 0.177812 0.537198
vt 0.174237 0.537198
vt 0.116085 0.437509
vt 0.119796 0.437509
vt 0.188830 0.674698
vt 0.192518 0.674698
vt 0.177812 0.493263
vt 0.174237 0.493263
vt 0.116085 0.480260
vt 0.119796 0.480260
vt 0.152458 0.537198
vt 0.156033 0.537198
vt 0.177812 0.449338
vt 0.174237 0.449338
vt 0.116085 0.608516
vt 0.119796 0.608516
vt 0.036435 0.695993
vt 0.036435 0.744995
vt 0.057776 0.744995
vt 0.057776 0.695993
vt 0.036435 0.646992
vt 0.057776 0.646992
vt 0.036435 0.597991
vt 0.057776 0.597991
vt 0.036435 0.548990
vt 0.057776 0.548990
vt 0.036435 0.500000
vt 0.057776 0.500000
vt 0.036435 0.450999
vt 0.057776 0.450999
vt 0.036435 0.401998
vt 0.057776 0.401998
vt 0.036435 0.352997
vt 0.057776 0.352997
vt 0.036435 0.303996
vt 0.057776 0.303996
vt 0.036435 0.254995
vt 0.057776 0.254995
vt 0.036435 0.205993
vt 0.057776 0.205993
vt 0.036435 0.156992
vt 0.057776 0.156992
vt 0.036435 0.107991
vt 0.057776 0.107991
vt 0.036435 0.058990
vt 0.057776 0.058990
vt 0.036435 0.010000
vt 0.057776 0.010000
vt 0.036435 0.940999
vt 0.036435 0.990000
vt 0.057776 0.990000
vt 0.057776 0.940999
vt 0.036435 0.891998
vt 0.057776 0.891998
vt 0.036435 0.842997
vt 0.057776 0.842997
vt 0.036435 0.793996
vt 0.057776 0.793996
vt 0.010000 0.793996
vt 0.010000 0.842997
vt 0.010000 0.744995
vt 0.010000 0.891998
vt 0.010000 0.940999
vt 0.010000 0.990000
vt 0.010000 0.010000
vt 0.010000 0.058990
vt 0.010000 0.107991
vt 0.010000 0.156992
vt 0.010000 0.205993
vt 0.010000 0.254995
vt 0.010000 0.303996
vt 0.010000 0.352997
vt 0.010000 0.401998
vt 0.010000 0.450999
vt 0.010000 0.500000
vt 0.010000 0.548990
vt 0.010000 0.597991
vt 0.010000 0.646992
vt 0.010000 0.695993
vt 0.234295 0.255924
vt 0.281072 0.255924
vt 0.281072 0.214936
vt 0.234295 0.214936
vt 0.234295 0.296911
vt 0.281072 0.296911
vt 0.234295 0.337898
vt 0.281072 0.337898
vt 0.234295 0.378886
vt 0.281072 0.378886
vt 0.234295 0.419864
vt 0.281072 0.419864
vt 0.234295 0.460851
vt 0.281072 0.460851
vt 0.234295 0.501838
vt 0.281072 0.501838
vt 0.234295 0.542826
vt 0.281072 0.542826
vt 0.234295 0.583813
vt 0.281072 0.583813
vt 0.234295 0.624800
vt 0.281072 0.624800
vt 0.234295 0.665788
vt 0.281072 0.665788
vt 0.234295 0.706775
vt 0.281072 0.706775
vt 0.234295 0.747762
vt 0.281072 0.747762
vt 0.234295 0.788750
vt 0.281072 0.788750
vt 0.234295 0.829728
vt 0.281072 0.829728
vt 0.234295 0.050987
vt 0.281072 0.050987
vt 0.281072 0.010000
vt 0.234295 0.010000
vt 0.234295 0.091975
vt 0.281072 0.091975
vt 0.234295 0.132962
vt 0.281072 0.132962
vt 0.234295 0.173949
vt 0.281072 0.173949
vt 0.152458 0.669002
vt 0.156033 0.669002
vt 0.392584 0.320036
vt 0.392584 0.285588
vt 0.389601 0.285588
vt 0.389601 0.320036
vt 0.392584 0.078897
vt 0.389601 0.078897
vt 0.177812 0.405403
vt 0.174237 0.405403
vt 0.116085 0.694020
vt 0.119796 0.694020
vt 0.392584 0.044448
vt 0.392584 0.010000
vt 0.389601 0.010000
vt 0.389601 0.044448
vt 0.177812 0.361468
vt 0.174237 0.361468
vt 0.116085 0.010000
vt 0.116085 0.052752
vt 0.119796 0.052752
vt 0.119796 0.010000
vt 0.392584 0.698954
vt 0.392584 0.664514
vt 0.389601 0.664514
vt 0.389601 0.698954
vt 0.177812 0.317534
vt 0.174237 0.317534
vt 0.392584 0.216691
vt 0.389601 0.216691
vt 0.177812 0.273599
vt 0.174237 0.273599
vt 0.392584 0.561168
vt 0.389601 0.561168
vt 0.177812 0.229664
vt 0.174237 0.229664
vt 0.152458 0.405403
vt 0.156033 0.405403
vt 0.392584 0.526720
vt 0.389601 0.526720
vt 0.116085 0.651268
vt 0.119796 0.651268
vt 0.392584 0.492271
vt 0.389601 0.492271
vt 0.140203 0.181007
vt 0.136492 0.181007
vt 0.392584 0.457823
vt 0.389601 0.457823
vt 0.367660 0.078897
vt 0.367660 0.113346
vt 0.370642 0.113346
vt 0.370642 0.078897
vt 0.140203 0.095504
vt 0.140203 0.052752
vt 0.136492 0.052752
vt 0.136492 0.095504
vt 0.392584 0.423374
vt 0.389601 0.423374
vt 0.367660 0.147794
vt 0.367660 0.182242
vt 0.370642 0.182242
vt 0.370642 0.147794
vt 0.367660 0.044448
vt 0.370642 0.044448
vt 0.140203 0.865017
vt 0.140203 0.822275
vt 0.136492 0.822275
vt 0.136492 0.865017
vt 0.392584 0.354477
vt 0.389601 0.354477
vt 0.367660 0.010000
vt 0.370642 0.010000
vt 0.152458 0.185729
vt 0.156033 0.185729
vt 0.140203 0.779523
vt 0.136492 0.779523
vt 0.392584 0.251139
vt 0.389601 0.251139
vt 0.367660 0.664514
vt 0.367660 0.698954
vt 0.370642 0.698954
vt 0.370642 0.664514
vt 0.367660 0.630065
vt 0.370642 0.630065
vt 0.152458 0.888676
vt 0.156033 0.888676
vt 0.140203 0.352015
vt 0.136492 0.352015
vt 0.188830 0.231563
vt 0.192518 0.231563
vt 0.220885 0.896271
vt 0.220885 0.851956
vt 0.217197 0.851956
vt 0.217197 0.896271
vt 0.220885 0.719013
vt 0.220885 0.674698
vt 0.217197 0.674698
vt 0.217197 0.719013
vt 0.152458 0.756872
vt 0.156033 0.756872
vt 0.220885 0.807642
vt 0.217197 0.807642
vt 0.152458 0.712937
vt 0.156033 0.712937
vt 0.220885 0.142934
vt 0.220885 0.098619
vt 0.217197 0.098619
vt 0.217197 0.142934
vt 0.220885 0.054305
vt 0.220885 0.010000
vt 0.217197 0.010000
vt 0.217197 0.054305
vt 0.188830 0.453136
vt 0.192518 0.453136
vt 0.220885 0.187248
vt 0.217197 0.187248
vt 0.367660 0.423374
vt 0.367660 0.457823
vt 0.370642 0.457823
vt 0.370642 0.423374
vt 0.220885 0.231563
vt 0.217197 0.231563
vt 0.367660 0.388926
vt 0.370642 0.388926
vt 0.220885 0.586069
vt 0.217197 0.586069
vt 0.367660 0.354477
vt 0.370642 0.354477
vt 0.367660 0.251139
vt 0.367660 0.285588
vt 0.370642 0.285588
vt 0.370642 0.251139
vt 0.367660 0.320036
vt 0.370642 0.320036
vt 0.367660 0.595617
vt 0.370642 0.595617
vt 0.367660 0.561168
vt 0.370642 0.561168
vt 0.177812 0.185729
vt 0.177812 0.141795
vt 0.174237 0.141795
vt 0.174237 0.185729
vt 0.140203 0.138256
vt 0.136492 0.138256
vt 0.367660 0.526720
vt 0.370642 0.526720
vt 0.177812 0.097860
vt 0.174237 0.097860
vt 0.177812 0.053925
vt 0.174237 0.053925
vt 0.367660 0.492271
vt 0.370642 0.492271
vt 0.367660 0.216691
vt 0.370642 0.216691
vt 0.220885 0.763327
vt 0.217197 0.763327
vt 0.188830 0.010000
vt 0.192518 0.010000
vt 0.177812 0.010000
vt 0.174237 0.010000
vt 0.177812 0.844741
vt 0.177812 0.800806
vt 0.174237 0.800806
vt 0.174237 0.844741
vt 0.177812 0.888676
vt 0.174237 0.888676
vt 0.220885 0.630384
vt 0.217197 0.630384
vt 0.177812 0.756872
vt 0.174237 0.756872
vt 0.140203 0.010000
vt 0.136492 0.010000
vt 0.177812 0.712937
vt 0.174237 0.712937
vt 0.392584 0.388926
vt 0.389601 0.388926
vt 0.370642 0.664514
vt 0.389601 0.664514
vt 0.389601 0.630065
vt 0.370642 0.630065
vt 0.217197 0.054305
vt 0.192518 0.054305
vt 0.192518 0.098619
vt 0.217197 0.098619
vt 0.174237 0.053925
vt 0.156033 0.053925
vt 0.156033 0.097860
vt 0.174237 0.097860
vt 0.119796 0.822275
vt 0.136492 0.822275
vt 0.136492 0.779523
vt 0.119796 0.779523
vt 0.370642 0.182242
vt 0.389601 0.182242
vt 0.389601 0.147794
vt 0.370642 0.147794
vt 0.389601 0.113346
vt 0.370642 0.113346
vt 0.389601 0.078897
vt 0.370642 0.078897
vt 0.389601 0.044448
vt 0.370642 0.044448
vt 0.389601 0.010000
vt 0.370642 0.010000
vt 0.370642 0.698954
vt 0.389601 0.698954
vt 0.389601 0.595617
vt 0.370642 0.595617
vt 0.389601 0.561168
vt 0.370642 0.561168
vt 0.389601 0.526720
vt 0.370642 0.526720
vt 0.389601 0.492271
vt 0.370642 0.492271
vt 0.389601 0.457823
vt 0.370642 0.457823
vt 0.389601 0.423374
vt 0.370642 0.423374
vt 0.389601 0.388926
vt 0.370642 0.388926
vt 0.389601 0.354477
vt 0.370642 0.354477
vt 0.389601 0.320036
vt 0.370642 0.320036
vt 0.389601 0.285588
vt 0.370642 0.285588
vt 0.389601 0.251139
vt 0.370642 0.251139
vt 0.389601 0.216691
vt 0.370642 0.216691
vt 0.217197 0.674698
vt 0.192518 0.674698
vt 0.192518 0.719013
vt 0.217197 0.719013
vt 0.192518 0.763327
vt 0.217197 0.763327
vt 0.192518 0.807642
vt 0.217197 0.807642
vt 0.192518 0.851956
vt 0.217197 0.851956
vt 0.192518 0.896271
vt 0.217197 0.896271
vt 0.217197 0.010000
vt 0.192518 0.010000
vt 0.192518 0.142934
vt 0.217197 0.142934
vt 0.192518 0.187248
vt 0.217197 0.187248
vt 0.192518 0.231563
vt 0.217197 0.231563
vt 0.192518 0.275877
vt 0.217197 0.275877
vt 0.192518 0.320192
vt 0.217197 0.320192
vt 0.192518 0.364506
vt 0.217197 0.364506
vt 0.192518 0.408821
vt 0.217197 0.408821
vt 0.192518 0.453136
vt 0.217197 0.453136
vt 0.192518 0.497440
vt 0.217197 0.497440
vt 0.192518 0.541755
vt 0.217197 0.541755
vt 0.192518 0.586069
vt 0.217197 0.586069
vt 0.192518 0.630384
vt 0.217197 0.630384
vt 0.174237 0.625067
vt 0.156033 0.625067
vt 0.156033 0.669002
vt 0.174237 0.669002
vt 0.174237 0.581132
vt 0.156033 0.581132
vt 0.174237 0.537198
vt 0.156033 0.537198
vt 0.174237 0.493263
vt 0.156033 0.493263
vt 0.174237 0.449338
vt 0.156033 0.449338
vt 0.174237 0.405403
vt 0.156033 0.405403
vt 0.174237 0.361468
vt 0.156033 0.361468
vt 0.174237 0.317534
vt 0.156033 0.317534
vt 0.174237 0.273599
vt 0.156033 0.273599
vt 0.174237 0.229664
vt 0.156033 0.229664
vt 0.174237 0.185729
vt 0.156033 0.185729
vt 0.174237 0.141795
vt 0.156033 0.141795
vt 0.174237 0.010000
vt 0.156033 0.010000
vt 0.174237 0.844741
vt 0.156033 0.844741
vt 0.156033 0.888676
vt 0.174237 0.888676
vt 0.174237 0.800806
vt 0.156033 0.800806
vt 0.174237 0.756872
vt 0.156033 0.756872
vt 0.174237 0.712937
vt 0.156033 0.712937
vt 0.119796 0.181007
vt 0.136492 0.181007
vt 0.136492 0.138256
vt 0.119796 0.138256
vt 0.119796 0.223759
vt 0.136492 0.223759
vt 0.136492 0.095504
vt 0.119796 0.095504
vt 0.136492 0.052752
vt 0.119796 0.052752
vt 0.136492 0.010000
vt 0.119796 0.010000
vt 0.119796 0.865017
vt 0.136492 0.865017
vt 0.136492 0.736772
vt 0.119796 0.736772
vt 0.136492 0.694020
vt 0.119796 0.694020
vt 0.136492 0.651268
vt 0.119796 0.651268
vt 0.136492 0.608516
vt 0.119796 0.608516
vt 0.136492 0.565764
vt 0.119796 0.565764
vt 0.136492 0.523012
vt 0.119796 0.523012
vt 0.136492 0.480260
vt 0.119796 0.480260
vt 0.136492 0.437509
vt 0.119796 0.437509
vt 0.136492 0.394767
vt 0.119796 0.394767
vt 0.136492 0.352015
vt 0.119796 0.352015
vt 0.136492 0.309263
vt 0.119796 0.309263
vt 0.136492 0.266511
vt 0.119796 0.266511
vt 0.424341 0.201880
vt 0.431311 0.201880
vt 0.431311 0.195608
vt 0.424341 0.195608
vt 0.431311 0.189335
vt 0.424341 0.189335
vt 0.424341 0.264605
vt 0.431311 0.264605
vt 0.431311 0.258333
vt 0.424341 0.258333
vt 0.431311 0.252060
vt 0.424341 0.252060
vt 0.431311 0.245788
vt 0.424341 0.245788
vt 0.431311 0.239515
vt 0.424341 0.239515
vt 0.431311 0.233243
vt 0.424341 0.233243
vt 0.431311 0.226970
vt 0.424341 0.226970
vt 0.431311 0.220698
vt 0.424341 0.220698
vt 0.431311 0.214425
vt 0.424341 0.214425
vt 0.431311 0.208153
vt 0.424341 0.208153
vn 0.0000 1.0000 0.0000
vn 0.0000 -1.0000 0.0000
vn -0.0000 0.4833 -0.8754
vn 0.2705 0.4833 -0.8326
vn 0.5146 0.4833 -0.7082
vn 0.7082 0.4833 -0.5146
vn 0.8326 0.4833 -0.2705
vn 0.8754 0.4833 -0.0000
vn 0.8754 0.4834 0.0000
vn 0.8326 0.4833 0.2705
vn 0.7082 0.4833 0.5146
vn 0.5146 0.4833 0.7082
vn 0.2705 0.4833 0.8326
vn 0.0000 0.4833 0.8754
vn -0.2705 0.4833 0.8326
vn -0.5146 0.4833 0.7082
vn -0.7082 0.4833 0.5146
vn -0.8326 0.4833 0.2705
vn -0.8754 0.4833 0.0000
vn -0.8326 0.4833 -0.2705
vn -0.7082 0.4833 -0.5146
vn -0.5146 0.4833 -0.7082
vn 1.0000 -0.0000 -0.0000
vn 0.9511 0.0000 -0.3090
vn -0.2705 0.4833 -0.8326
vn 0.0000 0.0000 -1.0000
vn 0.3083 0.0000 -0.9513
vn 0.0256 0.9991 -0.0352
vn 0.0365 0.9990 -0.0265
vn 0.0364 0.9990 -0.0264
vn 0.0259 0.9990 -0.0352
vn -0.0333 0.9984 -0.0458
vn -0.0175 0.9984 -0.0539
vn -0.0458 -0.9984 0.0333
vn -0.0333 -0.9984 0.0458
vn -0.0000 0.9984 -0.0566
vn 0.0175 0.9984 -0.0539
vn 0.0000 0.9736 0.2282
vn -0.0705 0.9736 0.2170
vn 0.0333 0.9984 -0.0458
vn -0.1341 0.9736 0.1846
vn -0.0313 0.9986 -0.0431
vn -0.0165 0.9986 -0.0506
vn -0.0256 -0.9991 0.0352
vn -0.0133 -0.9991 0.0405
vn -0.0131 -0.9991 0.0402
vn -0.0532 0.9986 -0.0000
vn -0.0506 0.9986 -0.0165
vn -0.0364 -0.9990 0.0264
vn -0.0365 -0.9990 0.0265
vn -0.0313 0.9986 0.0431
vn -0.0431 0.9986 0.0313
vn -0.0440 -0.9989 0.0143
vn 0.0364 0.9990 0.0264
vn 0.0256 0.9991 0.0352
vn 0.0260 0.9990 0.0351
vn 0.0364 0.9990 0.0261
vn 0.0458 0.9984 -0.0333
vn 0.0539 0.9984 -0.0175
vn 0.0333 -0.9984 0.0458
vn 0.0458 -0.9984 0.0333
vn -0.0000 0.9986 0.0532
vn -0.0165 0.9986 0.0506
vn -0.0467 -0.9989 -0.0000
vn -0.0464 -0.9989 0.0000
vn 0.0000 -0.3359 -0.9419
vn 0.2910 -0.3357 -0.8959
vn 0.2911 -0.3356 -0.8959
vn 0.5536 -0.3352 -0.7623
vn 0.5538 -0.3350 -0.7623
vn 0.7623 -0.3344 -0.5541
vn 0.7624 -0.3343 -0.5540
vn 0.8965 -0.3338 -0.2914
vn 0.8965 -0.3337 -0.2913
vn 0.9427 -0.3336 0.0000
vn 0.8965 -0.3337 0.2914
vn 0.8965 -0.3338 0.2913
vn 0.7624 -0.3343 0.5541
vn 0.7624 -0.3344 0.5540
vn 0.5537 -0.3350 0.7624
vn 0.5538 -0.3352 0.7623
vn 0.2910 -0.3356 0.8959
vn 0.2910 -0.3357 0.8959
vn -0.0000 -0.3359 0.9419
vn -0.2910 -0.3357 0.8959
vn -0.2911 -0.3356 0.8959
vn -0.5536 -0.3352 0.7623
vn -0.5538 -0.3350 0.7623
vn -0.7623 -0.3344 0.5541
vn -0.7624 -0.3343 0.5540
vn -0.8965 -0.3338 0.2914
vn -0.8965 -0.3337 0.2913
vn -0.9427 -0.3336 0.0000
vn -0.8965 -0.3337 -0.2914
vn -0.8965 -0.3338 -0.2913
vn -0.7624 -0.3343 -0.5541
vn -0.7624 -0.3344 -0.5540
vn -0.5537 -0.3350 -0.7624
vn -0.5538 -0.3352 -0.7623
vn -0.2910 -0.3356 -0.8959
vn -0.2910 -0.3357 -0.8959
vn 0.0131 0.9991 0.0402
vn -0.5836 -0.1188 -0.8033
vn -0.5856 -0.0866 -0.8060
vn -0.3079 -0.0866 -0.9475
vn -0.3068 -0.1188 -0.9443
vn -0.8033 -0.1188 -0.5836
vn -0.8060 -0.0866 -0.5856
vn -0.9443 -0.1188 -0.3068
vn -0.9475 -0.0866 -0.3079
vn -0.9929 -0.1188 -0.0000
vn -0.9962 -0.0866 -0.0000
vn -0.9443 -0.1188 0.3068
vn -0.9475 -0.0866 0.3079
vn -0.8033 -0.1188 0.5836
vn -0.8060 -0.0866 0.5856
vn -0.5836 -0.1188 0.8033
vn -0.5856 -0.0866 0.8060
vn -0.3068 -0.1188 0.9443
vn -0.3079 -0.0866 0.9475
vn -0.0000 -0.1188 0.9929
vn -0.0000 -0.0866 0.9962
vn 0.3068 -0.1188 0.9443
vn 0.3079 -0.0866 0.9475
vn 0.5836 -0.1188 0.8033
vn 0.5856 -0.0866 0.8060
vn 0.8033 -0.1188 0.5836
vn 0.8060 -0.0866 0.5856
vn 0.9443 -0.1188 0.3068
vn 0.9475 -0.0866 0.3079
vn 0.9929 -0.1188 -0.0000
vn 0.9962 -0.0866 0.0000
vn 0.9443 -0.1188 -0.3068
vn 0.9475 -0.0866 -0.3079
vn 0.8033 -0.1188 -0.5836
vn 0.8060 -0.0866 -0.5856
vn 0.5836 -0.1188 -0.8033
vn 0.5856 -0.0866 -0.8060
vn 0.3068 -0.1188 -0.9443
vn 0.3079 -0.0866 -0.9475
vn -0.0000 -0.0866 -0.9962
vn -0.0000 -0.1188 -0.9929
vn -0.8083 0.0000 0.5888
vn -0.9508 0.0000 0.3097
vn 0.5868 0.0000 0.8097
vn 0.3083 0.0000 0.9513
vn 0.5868 0.0000 -0.8097
vn -1.0000 0.0000 -0.0000
vn -0.0000 -0.0000 1.0000
vn 0.8083 -0.0000 -0.5888
vn -0.9508 0.0000 -0.3097
vn 0.9508 -0.0000 -0.3097
vn -0.8083 0.0000 -0.5888
vn -0.5868 0.0000 -0.8097
vn -0.3083 -0.0000 0.9513
vn 0.9508 0.0000 0.3097
vn -0.3083 -0.0000 -0.9513
vn -0.5868 0.0000 0.8097
vn 0.8083 0.0000 0.5888
vn -0.5878 -0.0000 -0.8090
vn -0.8090 -0.0000 -0.5878
vn -0.3090 0.0000 0.9511
vn 0.9511 0.0000 0.3090
vn -0.3090 -0.0000 -0.9511
vn -0.5878 0.0000 0.8090
vn 0.8090 0.0000 0.5878
vn -0.8090 0.0000 0.5878
vn 0.5878 0.0000 0.8090
vn 0.3090 0.0000 -0.9511
vn -0.9511 -0.0000 0.3090
vn 0.3090 0.0000 0.9511
vn 0.5878 -0.0000 -0.8090
vn 0.8090 -0.0000 -0.5878
vn -0.9511 -0.0000 -0.3090
vn 0.0566 0.9984 -0.0000
vn -0.0131 0.9991 0.0402
vn -0.0256 0.9991 0.0352
vn -0.0256 0.9991 0.0351
vn 0.0539 -0.9984 0.0175
vn 0.0431 0.9986 0.0313
vn 0.0313 0.9986 0.0431
vn -0.0440 -0.9989 -0.0143
vn 0.0539 0.9984 0.0175
vn -0.0365 0.9990 0.0265
vn -0.0438 0.9989 0.0141
vn -0.0440 0.9989 0.0143
vn -0.0366 0.9990 0.0261
vn 0.0566 -0.9984 0.0000
vn -0.1846 0.9736 -0.1341
vn -0.1341 0.9736 -0.1846
vn 0.0506 0.9986 0.0164
vn -0.0365 -0.9990 -0.0265
vn -0.0364 -0.9990 -0.0264
vn -0.0465 0.9989 -0.0000
vn 0.0532 0.9986 -0.0000
vn -0.0440 0.9989 -0.0142
vn -0.0364 0.9990 -0.0264
vn -0.0365 0.9990 -0.0265
vn -0.0440 0.9989 -0.0143
vn 0.0431 0.9986 -0.0313
vn 0.0506 0.9986 -0.0165
vn 0.0333 0.9984 0.0458
vn 0.0175 0.9984 0.0539
vn -0.0256 0.9991 -0.0352
vn 0.0458 -0.9984 -0.0333
vn 0.0333 -0.9984 -0.0458
vn 0.0000 0.9984 0.0566
vn -0.2747 -0.4547 -0.8472
vn -0.2748 -0.4545 -0.8473
vn 0.0000 -0.4548 -0.8906
vn -0.5229 -0.4543 -0.7213
vn -0.5231 -0.4540 -0.7212
vn -0.7204 -0.4537 -0.5245
vn -0.7206 -0.4535 -0.5244
vn -0.8476 -0.4532 -0.2760
vn -0.8477 -0.4530 -0.2759
vn -0.8915 -0.4529 0.0000
vn -0.8477 -0.4530 0.2760
vn -0.8476 -0.4532 0.2759
vn -0.7205 -0.4535 0.5246
vn -0.7205 -0.4537 0.5244
vn -0.5230 -0.4540 0.7213
vn -0.5231 -0.4542 0.7211
vn -0.2748 -0.4545 0.8473
vn -0.2748 -0.4547 0.8472
vn -0.0000 -0.4548 0.8906
vn 0.2747 -0.4547 0.8472
vn 0.2748 -0.4545 0.8473
vn 0.5229 -0.4543 0.7213
vn 0.5231 -0.4540 0.7212
vn 0.7204 -0.4537 0.5245
vn 0.7206 -0.4535 0.5244
vn 0.8476 -0.4532 0.2760
vn 0.8477 -0.4530 0.2759
vn 0.8915 -0.4530 0.0000
vn 0.8477 -0.4530 -0.2760
vn 0.8476 -0.4532 -0.2759
vn 0.7205 -0.4535 -0.5246
vn 0.7205 -0.4537 -0.5244
vn 0.5230 -0.4540 -0.7213
vn 0.5231 -0.4543 -0.7211
vn 0.2748 -0.4545 -0.8473
vn 0.2748 -0.4547 -0.8472
vn -0.0131 0.9991 -0.0402
vn 0.0000 -0.9984 -0.0566
vn -0.0175 -0.9984 -0.0539
vn 0.0131 0.9991 -0.0402
vn 0.0175 -0.9984 -0.0539
vn 0.0000 -0.9986 0.0532
vn 0.0165 -0.9986 0.0506
vn -0.0333 -0.9984 -0.0458
vn 0.0440 0.9989 -0.0143
vn 0.0313 -0.9986 0.0431
vn -0.0458 -0.9984 -0.0333
vn -0.0539 -0.9984 -0.0175
vn 0.0440 0.9989 0.0142
vn 0.0440 0.9989 0.0143
vn 0.0431 -0.9986 0.0313
vn -0.0566 -0.9984 0.0000
vn 0.0000 0.9991 0.0422
vn -0.0000 0.9991 0.0418
vn 0.0506 -0.9986 0.0165
vn -0.0539 -0.9984 0.0175
vn -0.0431 0.9986 -0.0313
vn 0.0532 -0.9986 0.0000
vn -0.0175 -0.9984 0.0539
vn -0.3083 0.0698 -0.9487
vn -0.0000 0.0698 -0.9976
vn -0.0000 -0.0082 -1.0000
vn -0.3090 -0.0082 -0.9510
vn -0.5864 0.0698 -0.8070
vn -0.5878 -0.0082 -0.8090
vn -0.8070 0.0698 -0.5864
vn -0.8090 -0.0082 -0.5878
vn -0.9487 0.0698 -0.3083
vn -0.9510 -0.0082 -0.3090
vn -0.9976 0.0698 0.0000
vn -1.0000 -0.0082 0.0000
vn -0.9487 0.0698 0.3083
vn -0.9510 -0.0082 0.3090
vn -0.8070 0.0698 0.5864
vn -0.8090 -0.0082 0.5878
vn -0.5864 0.0698 0.8070
vn -0.5878 -0.0082 0.8090
vn -0.3083 0.0698 0.9487
vn -0.3090 -0.0082 0.9510
vn 0.0000 0.0698 0.9976
vn -0.0000 -0.0082 1.0000
vn 0.3083 0.0698 0.9487
vn 0.3090 -0.0082 0.9510
vn 0.5864 0.0698 0.8070
vn 0.5878 -0.0082 0.8090
vn 0.8070 0.0698 0.5864
vn 0.8090 -0.0082 0.5878
vn 0.9487 0.0698 0.3083
vn 0.9510 -0.0082 0.3090
vn 0.9976 0.0698 -0.0000
vn 1.0000 -0.0081 0.0000
vn 0.9487 0.0698 -0.3083
vn 0.9510 -0.0082 -0.3090
vn 0.8070 0.0698 -0.5864
vn 0.8090 -0.0082 -0.5878
vn 0.5864 0.0698 -0.8070
vn 0.5878 -0.0082 -0.8090
vn 0.3083 0.0698 -0.9487
vn 0.3090 -0.0082 -0.9510
vn 0.3074 0.1015 -0.9461
vn 0.5847 0.1015 -0.8048
vn 0.0000 0.1015 -0.9948
vn 0.8048 0.1015 -0.5847
vn 0.9461 0.1015 -0.3074
vn 0.9948 0.1015 -0.0000
vn 0.9461 0.1015 0.3074
vn 0.8048 0.1015 0.5847
vn 0.5847 0.1015 0.8048
vn 0.3074 0.1015 0.9461
vn 0.0000 0.1015 0.9948
vn -0.3074 0.1015 0.9461
vn -0.5847 0.1015 0.8048
vn -0.8048 0.1015 0.5847
vn -0.9461 0.1015 0.3074
vn -0.9948 0.1015 0.0000
vn -0.9461 0.1015 -0.3074
vn -0.8048 0.1015 -0.5847
vn -0.5847 0.1015 -0.8048
vn -0.3074 0.1015 -0.9461
vn -0.2960 0.2871 -0.9110
vn -0.0000 0.2871 -0.9579
vn -0.5630 0.2871 -0.7749
vn -0.7749 0.2871 -0.5630
vn -0.9110 0.2871 -0.2960
vn -0.9579 0.2871 -0.0000
vn -0.9110 0.2871 0.2960
vn -0.7749 0.2871 0.5630
vn -0.5630 0.2871 0.7749
vn -0.2960 0.2871 0.9110
vn 0.0000 0.2871 0.9579
vn 0.2960 0.2871 0.9110
vn 0.5630 0.2871 0.7749
vn 0.7749 0.2871 0.5630
vn 0.9110 0.2871 0.2960
vn 0.9579 0.2871 -0.0000
vn 0.9110 0.2871 -0.2960
vn 0.7749 0.2871 -0.5630
vn 0.5630 0.2871 -0.7749
vn 0.2960 0.2871 -0.9110
vn -0.0000 0.9986 -0.0532
vn 0.2170 0.9736 0.0705
vn 0.1846 0.9736 0.1341
vn -0.1846 0.9736 0.1341
vn 0.0506 -0.9986 -0.0165
vn 0.0175 -0.9984 0.0539
vn -0.2170 0.9736 0.0705
vn -0.2282 0.9736 -0.0000
vn 0.0431 -0.9986 -0.0313
vn 0.0539 -0.9984 -0.0175
vn -0.2170 0.9736 -0.0705
vn 0.0313 -0.9986 -0.0431
vn 0.0705 0.9736 0.2170
vn 0.0164 -0.9986 -0.0506
vn -0.0705 0.9736 -0.2170
vn -0.0000 -0.9986 -0.0532
vn -0.0506 0.9986 0.0165
vn -0.0000 0.9736 -0.2282
vn 0.0000 -0.9984 0.0566
vn 0.0705 0.9736 -0.2170
vn -0.0175 0.9984 0.0539
vn 0.1341 0.9736 -0.1846
vn 0.1846 -0.9736 -0.1341
vn 0.1341 -0.9736 -0.1846
vn -0.0458 0.9984 0.0333
vn -0.0539 0.9984 0.0175
vn 0.1846 0.9736 -0.1341
vn 0.0705 -0.9736 -0.2170
vn -0.0000 -0.9736 -0.2282
vn 0.2170 -0.9736 -0.0705
vn -0.0566 0.9984 -0.0000
vn -0.0539 0.9984 -0.0175
vn 0.2282 0.9736 -0.0000
vn 0.2282 -0.9736 0.0000
vn 0.0165 0.9986 0.0506
vn -0.0458 0.9984 -0.0333
vn 0.1341 0.9736 0.1846
vn 0.2170 -0.9736 0.0705
vn 0.1846 -0.9736 0.1341
vn 0.0458 0.9984 0.0333
vn -0.0000 0.9991 -0.0422
vn 0.0000 0.9991 -0.0418
vn 0.0465 -0.9989 0.0000
vn 0.0440 -0.9989 -0.0143
vn 0.0131 -0.9991 -0.0402
vn -0.0000 -0.9991 -0.0418
vn 0.0313 0.9986 -0.0431
vn 0.0364 -0.9990 -0.0264
vn 0.0365 -0.9990 -0.0265
vn 0.0165 0.9986 -0.0506
vn 0.0256 -0.9991 0.0352
vn 0.0365 -0.9990 0.0265
vn 0.0364 -0.9990 0.0264
vn 0.0256 -0.9991 0.0351
vn 0.0440 -0.9989 0.0143
vn 0.0467 0.9989 -0.0000
vn 0.0131 -0.9991 0.0402
vn -0.1846 -0.9736 0.1341
vn -0.1341 -0.9736 0.1846
vn 0.0000 -0.9991 0.0418
vn -0.2170 -0.9736 0.0705
vn -0.0256 -0.9991 -0.0352
vn -0.0256 -0.9991 -0.0351
vn -0.2282 -0.9736 -0.0000
vn -0.1341 -0.9736 -0.1846
vn -0.1846 -0.9736 -0.1341
vn -0.2170 -0.9736 -0.0705
vn 0.1341 -0.9736 0.1846
vn 0.0705 -0.9736 0.2170
vn -0.0164 -0.9986 -0.0506
vn -0.0313 -0.9986 -0.0431
vn -0.0333 0.9984 0.0458
vn 0.0000 -0.9736 0.2282
vn -0.0431 -0.9986 -0.0313
vn -0.0506 -0.9986 -0.0164
vn -0.0705 -0.9736 0.2170
vn -0.0705 -0.9736 -0.2170
vn 0.0256 -0.9991 -0.0352
vn -0.0532 -0.9986 0.0000
vn -0.0506 -0.9986 0.0164
vn -0.0431 -0.9986 0.0313
vn -0.0131 -0.9991 -0.0402
vn -0.0313 -0.9986 0.0431
vn -0.0165 -0.9986 0.0506
vn 0.2170 0.9736 -0.0705
vn 0.8455 0.4579 0.2747
vn 0.7192 0.4579 0.5225
vn 0.8944 -0.3398 0.2908
vn 0.8944 -0.3397 0.2909
vn 0.7605 -0.3402 0.5531
vn 0.7605 -0.3404 0.5530
vn 0.9437 -0.1241 0.3066
vn 0.8028 -0.1241 0.5832
vn 0.9453 0.1095 0.3072
vn 0.8042 0.1095 0.5843
vn 0.0000 0.4579 -0.8890
vn 0.2747 0.4579 -0.8455
vn 0.5225 0.4579 -0.7192
vn 0.7192 0.4579 -0.5225
vn 0.8455 0.4579 -0.2747
vn 0.8890 0.4579 0.0000
vn 0.5225 0.4579 0.7192
vn 0.2747 0.4579 0.8455
vn 0.0000 0.4579 0.8890
vn -0.2747 0.4579 0.8455
vn -0.5225 0.4579 0.7192
vn -0.7192 0.4579 0.5225
vn -0.8455 0.4579 0.2747
vn -0.8890 0.4579 -0.0000
vn -0.8455 0.4579 -0.2747
vn -0.7192 0.4579 -0.5225
vn -0.5225 0.4579 -0.7192
vn -0.2747 0.4579 -0.8455
vn 0.0000 -0.3419 -0.9397
vn 0.2902 -0.3417 -0.8939
vn 0.2902 -0.3416 -0.8939
vn 0.5522 -0.3411 -0.7607
vn 0.5523 -0.3410 -0.7607
vn 0.7604 -0.3404 -0.5530
vn 0.7605 -0.3402 -0.5530
vn 0.8944 -0.3398 -0.2909
vn 0.8944 -0.3397 -0.2909
vn 0.9406 -0.3395 -0.0000
vn 0.9406 -0.3396 -0.0000
vn 0.5522 -0.3410 0.7608
vn 0.5522 -0.3411 0.7607
vn 0.2902 -0.3416 0.8939
vn 0.2902 -0.3417 0.8939
vn -0.0000 -0.3419 0.9397
vn -0.2902 -0.3417 0.8939
vn -0.2902 -0.3416 0.8939
vn -0.5522 -0.3411 0.7607
vn -0.5523 -0.3410 0.7607
vn -0.7604 -0.3404 0.5530
vn -0.7605 -0.3402 0.5530
vn -0.8944 -0.3398 0.2909
vn -0.8944 -0.3397 0.2909
vn -0.9406 -0.3395 0.0000
vn -0.8944 -0.3397 -0.2909
vn -0.8944 -0.3398 -0.2908
vn -0.7605 -0.3402 -0.5530
vn -0.7605 -0.3404 -0.5530
vn -0.5522 -0.3410 -0.7608
vn -0.5522 -0.3411 -0.7607
vn -0.2902 -0.3416 -0.8939
vn -0.2902 -0.3417 -0.8939
vn -0.3066 -0.1241 -0.9437
vn -0.0000 -0.1241 -0.9923
vn -0.5832 -0.1241 -0.8028
vn -0.8028 -0.1241 -0.5832
vn -0.9437 -0.1241 -0.3066
vn -0.9923 -0.1241 -0.0000
vn -0.9437 -0.1241 0.3066
vn -0.8028 -0.1241 0.5832
vn -0.5832 -0.1241 0.8028
vn -0.3066 -0.1241 0.9437
vn -0.0000 -0.1241 0.9923
vn 0.3066 -0.1241 0.9437
vn 0.5832 -0.1241 0.8028
vn 0.9923 -0.1241 -0.0000
vn 0.9437 -0.1241 -0.3066
vn 0.8028 -0.1241 -0.5832
vn 0.5832 -0.1241 -0.8028
vn 0.3066 -0.1241 -0.9437
vn 0.3072 0.1095 -0.9453
vn 0.5843 0.1095 -0.8042
vn 0.0000 0.1095 -0.9940
vn 0.8042 0.1095 -0.5843
vn 0.9453 0.1095 -0.3072
vn 0.9940 0.1095 -0.0000
vn 0.5843 0.1095 0.8042
vn 0.3072 0.1095 0.9453
vn 0.0000 0.1095 0.9940
vn -0.3072 0.1095 0.9453
vn -0.5843 0.1095 0.8042
vn -0.8042 0.1095 0.5843
vn -0.9453 0.1095 0.3072
vn -0.9940 0.1095 0.0000
vn -0.9453 0.1095 -0.3072
vn -0.8042 0.1095 -0.5843
vn -0.5843 0.1095 -0.8042
vn -0.3072 0.1095 -0.9453
vn 0.5000 -0.0000 -0.8660
vn 0.8660 -0.0000 -0.5000
vn 0.8660 0.0000 0.5000
vn 0.5000 0.0000 0.8660
vn -0.5000 0.0000 0.8660
vn -0.8660 0.0000 0.5000
vn -0.8660 0.0000 -0.5000
vn -0.5000 -0.0000 -0.8660
usemtl barrel
s off
f 1/1/1 2/2/1 3/3/1
f 4/4/1 5/5/1 6/6/1
f 7/7/1 8/8/1 9/9/1
f 10/10/2 11/11/2 12/12/2
f 13/13/2 14/14/2 15/15/2
f 16/16/1 17/17/1 18/18/1
f 217/19/2 218/20/2 219/21/2
f 217/19/2 219/21/2 220/22/2
f 221/23/2 217/19/2 220/22/2
f 221/23/2 220/22/2 222/24/2
f 223/25/2 221/23/2 222/24/2
f 223/25/2 222/24/2 224/26/2
f 225/27/2 223/25/2 224/26/2
f 225/27/2 224/26/2 226/28/2
f 227/29/2 225/27/2 226/28/2
f 227/29/2 226/28/2 228/30/2
f 229/31/2 227/29/2 228/30/2
f 229/31/2 228/30/2 230/32/2
f 231/33/2 229/31/2 230/32/2
f 231/33/2 230/32/2 232/34/2
f 233/35/2 231/33/2 232/34/2
f 233/35/2 232/34/2 234/36/2
f 235/37/2 233/35/2 234/36/2
f 235/37/2 234/36/2 236/38/2
f 237/39/2 235/37/2 236/38/2
f 237/39/2 236/38/2 238/40/2
f 239/41/2 237/39/2 238/40/2
f 239/41/2 238/40/2 240/42/2
f 241/43/2 239/41/2 240/42/2
f 241/43/2 240/42/2 242/44/2
f 243/45/2 241/43/2 242/44/2
f 243/45/2 242/44/2 244/46/2
f 245/47/2 243/45/2 244/46/2
f 245/47/2 244/46/2 246/48/2
f 247/49/2 245/47/2 246/48/2
f 247/49/2 246/48/2 248/50/2
f 249/51/2 247/49/2 248/50/2
f 249/51/2 248/50/2 250/52/2
f 251/53/2 249/51/2 250/52/2
f 251/53/2 250/52/2 252/54/2
f 253/55/2 251/53/2 252/54/2
f 253/55/2 252/54/2 254/56/2
f 255/57/2 253/55/2 254/56/2
f 255/57/2 254/56/2 256/58/2
f 218/20/2 255/57/2 256/58/2
f 218/20/2 256/58/2 219/21/2
f 257/59/2 258/60/2 259/61/2
f 257/59/2 259/61/2 260/62/2
f 299/63/1 300/64/1 301/65/1
f 299/63/1 301/65/1 302/66/1
f 300/64/1 303/67/1 304/68/1
f 300/64/1 304/68/1 301/65/1
f 303/67/1 305/69/1 306/70/1
f 303/67/1 306/70/1 304/68/1
f 305/69/1 307/71/1 308/72/1
f 305/69/1 308/72/1 306/70/1
f 307/71/1 309/73/1 310/74/1
f 307/71/1 310/74/1 308/72/1
f 309/73/1 311/75/1 312/76/1
f 309/73/1 312/76/1 310/74/1
f 311/75/1 313/77/1 314/78/1
f 311/75/1 314/78/1 312/76/1
f 313/77/1 315/79/1 316/80/1
f 313/77/1 316/80/1 314/78/1
f 315/79/1 317/81/1 318/82/1
f 315/79/1 318/82/1 316/80/1
f 317/81/1 319/83/1 320/84/1
f 317/81/1 320/84/1 318/82/1
f 319/83/1 321/85/1 322/86/1
f 319/83/1 322/86/1 320/84/1
f 321/85/1 323/87/1 324/88/1
f 321/85/1 324/88/1 322/86/1
f 323/87/1 325/89/1 326/90/1
f 323/87/1 326/90/1 324/88/1
f 325/89/1 327/91/1 328/92/1
f 325/89/1 328/92/1 326/90/1
f 327/91/1 329/93/1 330/94/1
f 327/91/1 330/94/1 328/92/1
f 329/93/1 331/95/1 332/96/1
f 329/93/1 332/96/1 330/94/1
f 331/95/1 333/97/1 334/98/1
f 331/95/1 334/98/1 332/96/1
f 333/97/1 335/99/1 336/100/1
f 333/97/1 336/100/1 334/98/1
f 335/99/1 337/101/1 338/102/1
f 335/99/1 338/102/1 336/100/1
f 337/101/1 299/63/1 302/66/1
f 337/101/1 302/66/1 338/102/1
f 339/103/1 340/104/1 341/105/1
f 339/103/1 341/105/1 342/106/1
f 992/107/1 993/108/1 5/5/1
f 992/107/1 5/5/1 4/4/1
f 996/109/1 997/110/1 998/111/1
f 996/109/1 998/111/1 999/112/1
f 999/112/1 998/111/1 2/2/1
f 999/112/1 2/2/1 1/1/1
f 993/108/1 992/107/1 997/110/1
f 993/108/1 997/110/1 996/109/1
f 1000/113/1 1001/114/1 1002/115/1
f 1000/113/1 1002/115/1 1003/116/1
f 1003/116/1 1002/115/1 1004/117/1
f 1003/116/1 1004/117/1 1005/118/1
f 340/104/1 339/103/1 1001/114/1
f 340/104/1 1001/114/1 1000/113/1
f 1005/118/1 1004/117/1 1006/119/1
f 1005/118/1 1006/119/1 1007/120/1
f 1007/120/1 1006/119/1 8/8/1
f 1007/120/1 8/8/1 7/7/1
f 342/106/1 341/105/1 1008/121/1
f 342/106/1 1008/121/1 1009/122/1
f 1010/123/2 1011/124/2 1012/125/2
f 1010/123/2 1012/125/2 1013/126/2
f 1013/126/2 1012/125/2 1014/127/2
f 1013/126/2 1014/127/2 1015/128/2
f 258/60/2 257/59/2 1011/124/2
f 258/60/2 1011/124/2 1010/123/2
f 260/62/2 259/61/2 1016/129/2
f 260/62/2 1016/129/2 1017/130/2
f 1017/130/2 1016/129/2 11/11/2
f 1017/130/2 11/11/2 10/10/2
f 1015/128/2 1014/127/2 1018/131/2
f 1015/128/2 1018/131/2 1019/132/2
f 1019/132/2 1018/131/2 14/14/2
f 1019/132/2 14/14/2 13/13/2
f 1009/122/1 1008/121/1 17/17/1
f 1009/122/1 17/17/1 16/16/1
s 1
f 19/133/3 20/134/3 21/135/4
f 19/133/3 21/135/4 22/136/4
f 22/136/4 21/135/4 23/137/5
f 22/136/4 23/137/5 24/138/5
f 24/138/5 23/137/5 25/139/6
f 24/138/5 25/139/6 26/140/6
f 26/140/6 25/139/6 27/141/7
f 26/140/6 27/141/7 28/142/7
f 28/142/7 27/141/7 29/143/8
f 28/142/7 29/143/8 30/144/8
f 31/145/8 32/146/9 33/147/10
f 31/145/8 33/147/10 34/148/10
f 34/148/10 33/147/10 35/149/11
f 34/148/10 35/149/11 36/150/11
f 36/150/11 35/149/11 37/151/12
f 36/150/11 37/151/12 38/152/12
f 38/152/12 37/151/12 39/153/13
f 38/152/12 39/153/13 40/154/13
f 40/154/13 39/153/13 41/155/14
f 40/154/13 41/155/14 42/156/14
f 42/156/14 41/155/14 43/157/15
f 42/156/14 43/157/15 44/158/15
f 44/158/15 43/157/15 45/159/16
f 44/158/15 45/159/16 46/160/16
f 46/160/16 45/159/16 47/161/17
f 46/160/16 47/161/17 48/162/17
f 48/162/17 47/161/17 49/163/18
f 48/162/17 49/163/18 50/164/18
f 50/164/18 49/163/18 51/165/19
f 50/164/18 51/165/19 52/166/19
f 52/166/19 51/165/19 53/167/20
f 52/166/19 53/167/20 54/168/20
f 54/168/20 53/167/20 55/169/21
f 54/168/20 55/169/21 56/170/21
f 56/170/21 55/169/21 57/171/22
f 56/170/21 57/171/22 58/172/22
f 59/173/23 60/174/24 61/175/24
f 59/173/23 61/175/24 62/176/23
f 58/172/22 57/171/22 63/177/25
f 58/172/22 63/177/25 64/178/25
f 64/178/25 63/177/25 20/134/3
f 64/178/25 20/134/3 19/133/3
f 65/179/26 66/180/27 67/181/27
f 65/179/26 67/181/27 68/182/26
f 69/183/28 70/184/29 71/185/30
f 69/183/28 71/185/30 72/186/31
f 73/187/32 74/188/33 75/189/33
f 73/187/32 75/189/33 76/190/32
f 77/191/34 78/192/35 79/193/35
f 77/191/34 79/193/35 80/194/34
f 81/195/36 82/196/37 83/197/37
f 81/195/36 83/197/37 84/198/36
f 85/199/38 86/200/39 87/201/39
f 85/199/38 87/201/39 88/202/38
f 82/196/37 89/203/40 90/204/40
f 82/196/37 90/204/40 83/197/37
f 86/200/39 91/205/41 92/206/41
f 86/200/39 92/206/41 87/201/39
f 93/207/42 94/208/43 95/209/43
f 93/207/42 95/209/43 96/210/42
f 97/211/44 98/212/45 99/213/46
f 97/211/44 99/213/46 100/214/44
f 101/215/47 102/216/48 103/217/48
f 101/215/47 103/217/48 104/218/47
f 105/219/49 97/211/44 100/214/44
f 105/219/49 100/214/44 106/220/50
f 107/221/51 108/222/52 109/223/52
f 107/221/51 109/223/52 110/224/51
f 111/225/53 105/219/49 106/220/50
f 111/225/53 106/220/50 112/226/53
f 113/227/54 114/228/55 115/229/56
f 113/227/54 115/229/56 116/230/57
f 117/231/58 118/232/59 119/233/59
f 117/231/58 119/233/59 120/234/58
f 121/235/60 122/236/61 123/237/61
f 121/235/60 123/237/61 124/238/60
f 125/239/62 126/240/63 127/241/63
f 125/239/62 127/241/63 128/242/62
f 129/243/64 111/225/53 112/226/53
f 129/243/64 112/226/53 130/244/65
f 131/245/66 132/246/66 133/247/67
f 131/245/66 133/247/67 134/248/68
f 134/248/68 133/247/67 135/249/69
f 134/248/68 135/249/69 136/250/70
f 136/250/70 135/249/69 137/251/71
f 136/250/70 137/251/71 138/252/72
f 138/252/72 137/251/71 139/253/73
f 138/252/72 139/253/73 140/254/74
f 140/254/74 139/253/73 141/255/75
f 140/254/74 141/255/75 142/256/75
f 143/257/75 144/258/75 145/259/76
f 143/257/75 145/259/76 146/260/77
f 146/260/77 145/259/76 147/261/78
f 146/260/77 147/261/78 148/262/79
f 148/262/79 147/261/78 149/263/80
f 148/262/79 149/263/80 150/264/81
f 150/264/81 149/263/80 151/265/82
f 150/264/81 151/265/82 152/266/83
f 152/266/83 151/265/82 153/267/84
f 152/266/83 153/267/84 154/268/84
f 154/268/84 153/267/84 155/269/85
f 154/268/84 155/269/85 156/270/86
f 156/270/86 155/269/85 157/271/87
f 156/270/86 157/271/87 158/272/88
f 158/272/88 157/271/87 159/273/89
f 158/272/88 159/273/89 160/274/90
f 160/274/90 159/273/89 161/275/91
f 160/274/90 161/275/91 162/276/92
f 162/276/92 161/275/91 163/277/93
f 162/276/92 163/277/93 164/278/93
f 164/278/93 163/277/93 165/279/94
f 164/278/93 165/279/94 166/280/95
f 166/280/95 165/279/94 167/281/96
f 166/280/95 167/281/96 168/282/97
f 168/282/97 167/281/96 169/283/98
f 168/282/97 169/283/98 170/284/99
f 170/284/99 169/283/98 171/285/100
f 170/284/99 171/285/100 172/286/101
f 172/286/101 171/285/100 132/246/66
f 172/286/101 132/246/66 131/245/66
f 114/228/55 173/287/102 174/288/102
f 114/228/55 174/288/102 115/229/56
f 175/289/103 176/290/104 177/291/105
f 175/289/103 177/291/105 178/292/106
f 179/293/107 180/294/108 176/290/104
f 179/293/107 176/290/104 175/289/103
f 181/295/109 182/296/110 180/294/108
f 181/295/109 180/294/108 179/293/107
f 183/297/111 184/298/112 182/296/110
f 183/297/111 182/296/110 181/295/109
f 185/299/113 186/300/114 184/298/112
f 185/299/113 184/298/112 183/297/111
f 187/301/115 188/302/116 186/300/114
f 187/301/115 186/300/114 185/299/113
f 189/303/117 190/304/118 188/302/116
f 189/303/117 188/302/116 187/301/115
f 191/305/119 192/306/120 190/304/118
f 191/305/119 190/304/118 189/303/117
f 193/307/121 194/308/122 192/306/120
f 193/307/121 192/306/120 191/305/119
f 195/309/123 196/310/124 194/308/122
f 195/309/123 194/308/122 193/307/121
f 197/311/125 198/312/126 196/310/124
f 197/311/125 196/310/124 195/309/123
f 199/313/127 200/314/128 198/312/126
f 199/313/127 198/312/126 197/311/125
f 201/315/129 202/316/130 200/314/128
f 201/315/129 200/314/128 199/313/127
f 203/317/131 204/318/132 202/316/130
f 203/317/131 202/316/130 201/315/129
f 205/319/133 206/320/134 207/321/132
f 205/319/133 207/321/132 208/322/131
f 209/323/135 210/324/136 206/320/134
f 209/323/135 206/320/134 205/319/133
f 211/325/137 212/326/138 210/324/136
f 211/325/137 210/324/136 209/323/135
f 213/327/139 214/328/140 212/326/138
f 213/327/139 212/326/138 211/325/137
f 178/292/106 177/291/105 215/329/141
f 178/292/106 215/329/141 216/330/142
f 261/331/143 262/332/144 263/333/144
f 261/331/143 263/333/144 264/334/143
f 265/335/145 266/336/146 267/337/146
f 265/335/145 267/337/146 268/338/145
f 66/180/27 269/339/147 270/340/147
f 66/180/27 270/340/147 67/181/27
f 262/332/144 271/341/148 272/342/148
f 262/332/144 272/342/148 263/333/144
f 266/336/146 273/343/149 274/344/149
f 266/336/146 274/344/149 267/337/146
f 269/339/147 275/345/150 276/346/150
f 269/339/147 276/346/150 270/340/147
f 271/341/148 277/347/151 278/348/151
f 271/341/148 278/348/151 272/342/148
f 275/345/150 279/349/152 280/350/152
f 275/345/150 280/350/152 276/346/150
f 281/351/151 282/352/153 283/353/153
f 281/351/151 283/353/153 284/354/151
f 279/349/152 285/355/23 286/356/23
f 279/349/152 286/356/23 280/350/152
f 282/352/153 287/357/154 288/358/154
f 282/352/153 288/358/154 283/353/153
f 273/343/149 289/359/155 290/360/155
f 273/343/149 290/360/155 274/344/149
f 285/355/23 291/361/156 292/362/156
f 285/355/23 292/362/156 286/356/23
f 287/357/154 293/363/157 294/364/157
f 287/357/154 294/364/157 288/358/154
f 289/359/155 295/365/158 296/366/158
f 289/359/155 296/366/158 290/360/155
f 291/361/156 297/367/159 298/368/159
f 291/361/156 298/368/159 292/362/156
f 293/363/157 65/179/26 68/182/26
f 293/363/157 68/182/26 294/364/157
f 295/365/158 261/331/143 264/334/143
f 295/365/158 264/334/143 296/366/158
f 297/367/159 265/335/145 268/338/145
f 297/367/159 268/338/145 298/368/159
f 343/369/160 344/370/161 345/371/161
f 343/369/160 345/371/161 346/372/160
f 347/373/162 348/374/149 349/375/149
f 347/373/162 349/375/149 350/376/162
f 351/377/163 59/173/23 62/176/23
f 351/377/163 62/176/23 352/378/163
f 353/379/164 343/369/160 346/372/160
f 353/379/164 346/372/160 354/380/164
f 355/381/165 347/373/162 350/376/162
f 355/381/165 350/376/162 356/382/165
f 357/383/166 351/377/163 352/378/163
f 357/383/166 352/378/163 358/384/166
f 359/385/26 353/379/164 354/380/164
f 359/385/26 354/380/164 360/386/26
f 361/387/167 355/381/165 356/382/165
f 361/387/167 356/382/165 362/388/167
f 363/389/168 357/383/166 358/384/166
f 363/389/168 358/384/166 364/390/168
f 365/391/169 359/385/26 360/386/26
f 365/391/169 360/386/26 366/392/169
f 367/393/170 361/387/167 362/388/167
f 367/393/170 362/388/167 368/394/170
f 369/395/171 363/389/168 364/390/168
f 369/395/171 364/390/168 370/396/171
f 371/397/172 365/391/169 366/392/169
f 371/397/172 366/392/169 372/398/172
f 373/399/148 367/393/170 368/394/170
f 373/399/148 368/394/170 374/400/148
f 348/374/149 369/395/171 370/396/171
f 348/374/149 370/396/171 349/375/149
f 375/401/173 371/397/172 372/398/172
f 375/401/173 372/398/172 376/402/173
f 377/403/174 378/404/148 379/405/148
f 377/403/174 379/405/148 380/406/174
f 60/174/24 375/401/173 376/402/173
f 60/174/24 376/402/173 61/175/24
f 344/370/161 377/403/174 380/406/174
f 344/370/161 380/406/174 345/371/161
f 118/232/59 381/407/175 382/408/175
f 118/232/59 382/408/175 119/233/59
f 383/409/176 384/410/177 385/411/178
f 383/409/176 385/411/178 386/412/176
f 122/236/61 387/413/179 388/414/179
f 122/236/61 388/414/179 123/237/61
f 389/415/180 390/416/181 391/417/181
f 389/415/180 391/417/181 392/418/180
f 393/419/182 129/243/64 130/244/65
f 393/419/182 130/244/65 394/420/182
f 381/407/175 395/421/183 396/422/183
f 381/407/175 396/422/183 382/408/175
f 397/423/184 398/424/185 399/425/186
f 397/423/184 399/425/186 400/426/187
f 387/413/179 401/427/188 402/428/188
f 387/413/179 402/428/188 388/414/179
f 403/429/189 404/430/190 405/431/190
f 403/429/189 405/431/190 406/432/189
f 407/433/191 389/415/180 392/418/180
f 407/433/191 392/418/180 408/434/191
f 409/435/192 393/419/182 394/420/182
f 409/435/192 394/420/182 410/436/193
f 398/424/185 411/437/194 412/438/194
f 398/424/185 412/438/194 399/425/186
f 413/439/195 407/433/191 408/434/191
f 413/439/195 408/434/191 414/440/195
f 415/441/196 416/442/197 417/443/198
f 415/441/196 417/443/198 418/444/199
f 419/445/200 420/446/201 421/447/201
f 419/445/200 421/447/201 422/448/200
f 423/449/202 424/450/203 425/451/203
f 423/449/202 425/451/203 426/452/202
f 416/442/197 427/453/204 428/454/204
f 416/442/197 428/454/204 417/443/198
f 429/455/205 430/456/206 431/457/206
f 429/455/205 431/457/206 432/458/205
f 424/450/203 433/459/207 434/460/207
f 424/450/203 434/460/207 425/451/203
f 435/461/208 436/462/209 437/463/210
f 435/461/208 437/463/210 438/464/210
f 439/465/211 440/466/212 436/462/209
f 439/465/211 436/462/209 435/461/208
f 441/467/213 442/468/214 440/466/212
f 441/467/213 440/466/212 439/465/211
f 443/469/215 444/470/216 442/468/214
f 443/469/215 442/468/214 441/467/213
f 445/471/217 446/472/217 444/470/216
f 445/471/217 444/470/216 443/469/215
f 447/473/218 448/474/219 446/472/217
f 447/473/218 446/472/217 445/471/217
f 449/475/220 450/476/221 448/474/219
f 449/475/220 448/474/219 447/473/218
f 451/477/222 452/478/223 450/476/221
f 451/477/222 450/476/221 449/475/220
f 453/479/224 454/480/225 452/478/223
f 453/479/224 452/478/223 451/477/222
f 455/481/226 456/482/226 454/480/225
f 455/481/226 454/480/225 453/479/224
f 457/483/227 458/484/228 456/482/226
f 457/483/227 456/482/226 455/481/226
f 459/485/229 460/486/230 458/484/228
f 459/485/229 458/484/228 457/483/227
f 461/487/231 462/488/232 460/486/230
f 461/487/231 460/486/230 459/485/229
f 463/489/233 464/490/234 462/488/232
f 463/489/233 462/488/232 461/487/231
f 465/491/235 466/492/235 464/490/234
f 465/491/235 464/490/234 463/489/233
f 467/493/236 468/494/237 469/495/235
f 467/493/236 469/495/235 470/496/235
f 471/497/238 472/498/239 468/494/237
f 471/497/238 468/494/237 467/493/236
f 473/499/240 474/500/241 472/498/239
f 473/499/240 472/498/239 471/497/238
f 475/501/242 476/502/243 474/500/241
f 475/501/242 474/500/241 473/499/240
f 438/464/210 437/463/210 476/502/243
f 438/464/210 476/502/243 475/501/242
f 427/453/204 477/503/244 478/504/244
f 427/453/204 478/504/244 428/454/204
f 479/505/245 480/506/246 481/507/246
f 479/505/245 481/507/246 482/508/245
f 483/509/247 69/183/28 72/186/31
f 483/509/247 72/186/31 484/510/247
f 430/456/206 485/511/248 486/512/248
f 430/456/206 486/512/248 431/457/206
f 487/513/249 488/514/250 489/515/250
f 487/513/249 489/515/250 490/516/249
f 480/506/246 491/517/251 492/518/251
f 480/506/246 492/518/251 481/507/246
f 70/184/29 493/519/252 494/520/252
f 70/184/29 494/520/252 71/185/30
f 488/514/250 495/521/253 496/522/253
f 488/514/250 496/522/253 489/515/250
f 497/523/254 498/524/255 499/525/255
f 497/523/254 499/525/255 500/526/254
f 501/527/256 113/227/54 116/230/57
f 501/527/256 116/230/57 502/528/257
f 495/521/253 503/529/258 504/530/258
f 495/521/253 504/530/258 496/522/253
f 498/524/255 505/531/259 506/532/259
f 498/524/255 506/532/259 499/525/255
f 173/287/102 507/533/260 508/534/261
f 173/287/102 508/534/261 174/288/102
f 503/529/258 509/535/262 510/536/262
f 503/529/258 510/536/262 504/530/258
f 511/537/263 77/191/34 80/194/34
f 511/537/263 80/194/34 512/538/263
f 491/517/251 497/523/254 500/526/254
f 491/517/251 500/526/254 492/518/251
f 513/539/264 93/207/42 96/210/42
f 513/539/264 96/210/42 514/540/264
f 509/535/262 515/541/265 516/542/265
f 509/535/262 516/542/265 510/536/262
f 78/192/35 517/543/266 518/544/266
f 78/192/35 518/544/266 79/193/35
f 519/545/267 520/546/268 521/547/269
f 519/545/267 521/547/269 522/548/270
f 522/548/270 521/547/269 215/329/141
f 522/548/270 215/329/141 177/291/105
f 523/549/271 519/545/267 522/548/270
f 523/549/271 522/548/270 524/550/272
f 524/550/272 522/548/270 177/291/105
f 524/550/272 177/291/105 176/290/104
f 525/551/273 523/549/271 524/550/272
f 525/551/273 524/550/272 526/552/274
f 526/552/274 524/550/272 176/290/104
f 526/552/274 176/290/104 180/294/108
f 527/553/275 525/551/273 526/552/274
f 527/553/275 526/552/274 528/554/276
f 528/554/276 526/552/274 180/294/108
f 528/554/276 180/294/108 182/296/110
f 529/555/277 527/553/275 528/554/276
f 529/555/277 528/554/276 530/556/278
f 530/556/278 528/554/276 182/296/110
f 530/556/278 182/296/110 184/298/112
f 531/557/279 529/555/277 530/556/278
f 531/557/279 530/556/278 532/558/280
f 532/558/280 530/556/278 184/298/112
f 532/558/280 184/298/112 186/300/114
f 533/559/281 531/557/279 532/558/280
f 533/559/281 532/558/280 534/560/282
f 534/560/282 532/558/280 186/300/114
f 534/560/282 186/300/114 188/302/116
f 535/561/283 533/559/281 534/560/282
f 535/561/283 534/560/282 536/562/284
f 536/562/284 534/560/282 188/302/116
f 536/562/284 188/302/116 190/304/118
f 537/563/285 535/561/283 536/562/284
f 537/563/285 536/562/284 538/564/286
f 538/564/286 536/562/284 190/304/118
f 538/564/286 190/304/118 192/306/120
f 539/565/287 537/563/285 538/564/286
f 539/565/287 538/564/286 540/566/288
f 540/566/288 538/564/286 192/306/120
f 540/566/288 192/306/120 194/308/122
f 541/567/289 539/565/287 540/566/288
f 541/567/289 540/566/288 542/568/290
f 542/568/290 540/566/288 194/308/122
f 542/568/290 194/308/122 196/310/124
f 543/569/291 541/567/289 542/568/290
f 543/569/291 542/568/290 544/570/292
f 544/570/292 542/568/290 196/310/124
f 544/570/292 196/310/124 198/312/126
f 545/571/293 543/569/291 544/570/292
f 545/571/293 544/570/292 546/572/294
f 546/572/294 544/570/292 198/312/126
f 546/572/294 198/312/126 200/314/128
f 547/573/295 545/571/293 546/572/294
f 547/573/295 546/572/294 548/574/296
f 548/574/296 546/572/294 200/314/128
f 548/574/296 200/314/128 202/316/130
f 549/575/297 547/573/295 548/574/296
f 549/575/297 548/574/296 550/576/298
f 550/576/298 548/574/296 202/316/130
f 550/576/298 202/316/130 204/318/132
f 551/577/299 552/578/297 553/579/298
f 551/577/299 553/579/298 554/580/300
f 554/580/300 553/579/298 207/321/132
f 554/580/300 207/321/132 206/320/134
f 555/581/301 551/577/299 554/580/300
f 555/581/301 554/580/300 556/582/302
f 556/582/302 554/580/300 206/320/134
f 556/582/302 206/320/134 210/324/136
f 557/583/303 555/581/301 556/582/302
f 557/583/303 556/582/302 558/584/304
f 558/584/304 556/582/302 210/324/136
f 558/584/304 210/324/136 212/326/138
f 559/585/305 557/583/303 558/584/304
f 559/585/305 558/584/304 560/586/306
f 560/586/306 558/584/304 212/326/138
f 560/586/306 212/326/138 214/328/140
f 520/546/268 559/585/305 560/586/306
f 520/546/268 560/586/306 521/547/269
f 521/547/269 560/586/306 214/328/140
f 521/547/269 214/328/140 215/329/141
f 216/330/142 215/329/141 214/328/140
f 216/330/142 214/328/140 213/327/139
f 559/585/305 561/587/307 562/588/308
f 559/585/305 562/588/308 557/583/303
f 520/546/268 563/589/309 561/587/307
f 520/546/268 561/587/307 559/585/305
f 557/583/303 562/588/308 564/590/310
f 557/583/303 564/590/310 555/581/301
f 555/581/301 564/590/310 565/591/311
f 555/581/301 565/591/311 551/577/299
f 551/577/299 565/591/311 566/592/312
f 551/577/299 566/592/312 552/578/297
f 549/575/297 567/593/312 568/594/313
f 549/575/297 568/594/313 547/573/295
f 547/573/295 568/594/313 569/595/314
f 547/573/295 569/595/314 545/571/293
f 545/571/293 569/595/314 570/596/315
f 545/571/293 570/596/315 543/569/291
f 543/569/291 570/596/315 571/597/316
f 543/569/291 571/597/316 541/567/289
f 541/567/289 571/597/316 572/598/317
f 541/567/289 572/598/317 539/565/287
f 539/565/287 572/598/317 573/599/318
f 539/565/287 573/599/318 537/563/285
f 537/563/285 573/599/318 574/600/319
f 537/563/285 574/600/319 535/561/283
f 535/561/283 574/600/319 575/601/320
f 535/561/283 575/601/320 533/559/281
f 533/559/281 575/601/320 576/602/321
f 533/559/281 576/602/321 531/557/279
f 531/557/279 576/602/321 577/603/322
f 531/557/279 577/603/322 529/555/277
f 529/555/277 577/603/322 578/604/323
f 529/555/277 578/604/323 527/553/275
f 527/553/275 578/604/323 579/605/324
f 527/553/275 579/605/324 525/551/273
f 525/551/273 579/605/324 580/606/325
f 525/551/273 580/606/325 523/549/271
f 523/549/271 580/606/325 581/607/326
f 523/549/271 581/607/326 519/545/267
f 519/545/267 581/607/326 563/589/309
f 519/545/267 563/589/309 520/546/268
f 582/608/327 583/609/327 584/610/328
f 582/608/327 584/610/328 585/611/328
f 586/612/329 587/613/329 583/609/327
f 586/612/329 583/609/327 582/608/327
f 588/614/330 589/615/330 587/613/329
f 588/614/330 587/613/329 586/612/329
f 590/616/331 591/617/331 589/615/330
f 590/616/331 589/615/330 588/614/330
f 592/618/332 593/619/332 591/617/331
f 592/618/332 591/617/331 590/616/331
f 594/620/333 595/621/333 593/619/332
f 594/620/333 593/619/332 592/618/332
f 596/622/334 597/623/334 595/621/333
f 596/622/334 595/621/333 594/620/333
f 598/624/335 599/625/335 597/623/334
f 598/624/335 597/623/334 596/622/334
f 600/626/336 601/627/336 599/625/335
f 600/626/336 599/625/335 598/624/335
f 602/628/337 603/629/337 601/627/336
f 602/628/337 601/627/336 600/626/336
f 604/630/338 605/631/338 603/629/337
f 604/630/338 603/629/337 602/628/337
f 606/632/339 607/633/339 605/631/338
f 606/632/339 605/631/338 604/630/338
f 608/634/340 609/635/340 607/633/339
f 608/634/340 607/633/339 606/632/339
f 610/636/341 611/637/341 609/635/340
f 610/636/341 609/635/340 608/634/340
f 612/638/342 613/639/342 611/637/341
f 612/638/342 611/637/341 610/636/341
f 614/640/343 615/641/343 616/642/342
f 614/640/343 616/642/342 617/643/342
f 618/644/344 619/645/344 615/641/343
f 618/644/344 615/641/343 614/640/343
f 620/646/345 621/647/345 619/645/344
f 620/646/345 619/645/344 618/644/344
f 622/648/346 623/649/346 621/647/345
f 622/648/346 621/647/345 620/646/345
f 585/611/328 584/610/328 623/649/346
f 585/611/328 623/649/346 622/648/346
f 94/208/43 624/650/347 625/651/347
f 94/208/43 625/651/347 95/209/43
f 626/652/348 627/653/349 628/654/349
f 626/652/348 628/654/349 629/655/348
f 102/216/48 513/539/264 514/540/264
f 102/216/48 514/540/264 103/217/48
f 91/205/41 630/656/350 631/657/350
f 91/205/41 631/657/350 92/206/41
f 515/541/265 632/658/351 633/659/351
f 515/541/265 633/659/351 516/542/265
f 634/660/352 121/235/60 124/238/60
f 634/660/352 124/238/60 635/661/352
f 636/662/353 637/663/354 638/664/354
f 636/662/353 638/664/354 639/665/353
f 632/658/351 640/666/355 641/667/355
f 632/658/351 641/667/355 633/659/351
f 642/668/188 643/669/356 644/670/356
f 642/668/188 644/670/356 645/671/188
f 505/531/259 511/537/263 512/538/263
f 505/531/259 512/538/263 506/532/259
f 646/672/354 647/673/357 648/674/357
f 646/672/354 648/674/357 649/675/354
f 640/666/355 650/676/358 651/677/358
f 640/666/355 651/677/358 641/667/355
f 643/669/356 429/455/205 432/458/205
f 643/669/356 432/458/205 644/670/356
f 652/678/359 85/199/38 88/202/38
f 652/678/359 88/202/38 653/679/359
f 647/673/357 403/429/189 406/432/189
f 647/673/357 406/432/189 648/674/357
f 650/676/358 654/680/360 655/681/360
f 650/676/358 655/681/360 651/677/358
f 485/511/248 479/505/245 482/508/245
f 485/511/248 482/508/245 486/512/248
f 404/430/190 656/682/361 657/683/361
f 404/430/190 657/683/361 405/431/190
f 507/533/260 383/409/176 386/412/176
f 507/533/260 386/412/176 508/534/261
f 654/680/360 658/684/362 659/685/362
f 654/680/360 659/685/362 655/681/360
f 660/686/363 101/215/47 104/218/47
f 660/686/363 104/218/47 661/687/363
f 126/240/63 107/221/51 110/224/51
f 126/240/63 110/224/51 127/241/63
f 656/682/361 662/688/364 663/689/364
f 656/682/361 663/689/364 657/683/361
f 517/543/266 664/690/365 665/691/365
f 517/543/266 665/691/365 518/544/266
f 108/222/52 660/686/363 661/687/363
f 108/222/52 661/687/363 109/223/52
f 662/688/364 666/692/366 667/693/366
f 662/688/364 667/693/366 663/689/364
f 664/690/365 634/660/352 635/661/352
f 664/690/365 635/661/352 665/691/365
f 433/459/207 668/694/367 669/695/367
f 433/459/207 669/695/367 434/460/207
f 666/692/366 670/696/368 671/697/368
f 666/692/366 671/697/368 667/693/366
f 672/698/369 673/699/370 674/700/370
f 672/698/369 674/700/370 675/701/369
f 676/702/371 677/703/372 678/704/372
f 676/702/371 678/704/372 679/705/371
f 670/696/368 680/706/373 681/707/373
f 670/696/368 681/707/373 671/697/368
f 682/708/374 683/709/375 684/710/375
f 682/708/374 684/710/375 685/711/374
f 686/712/376 672/698/369 675/701/369
f 686/712/376 675/701/369 687/713/376
f 688/714/377 689/715/378 690/716/378
f 688/714/377 690/716/378 691/717/377
f 692/718/379 626/652/348 629/655/348
f 692/718/379 629/655/348 693/719/379
f 694/720/380 686/712/376 687/713/376
f 694/720/380 687/713/376 695/721/380
f 696/722/381 125/239/62 128/242/62
f 696/722/381 128/242/62 697/723/381
f 698/724/382 73/187/32 76/190/32
f 698/724/382 76/190/32 699/725/382
f 627/653/349 700/726/383 701/727/383
f 627/653/349 701/727/383 628/654/349
f 702/728/384 703/729/380 704/730/380
f 702/728/384 704/730/380 705/731/384
f 390/416/181 696/722/381 697/723/381
f 390/416/181 697/723/381 391/417/181
f 74/188/33 81/195/36 84/198/36
f 74/188/33 84/198/36 75/189/33
f 700/726/383 652/678/359 653/679/359
f 700/726/383 653/679/359 701/727/383
f 706/732/385 702/728/384 705/731/384
f 706/732/385 705/731/384 707/733/385
f 89/203/40 117/231/58 120/234/58
f 89/203/40 120/234/58 90/204/40
f 420/446/201 708/734/195 709/735/195
f 420/446/201 709/735/195 421/447/201
f 395/421/183 710/736/386 711/737/386
f 395/421/183 711/737/386 396/422/183
f 477/503/244 712/738/387 713/739/388
f 477/503/244 713/739/388 478/504/244
f 710/736/386 423/449/202 426/452/202
f 710/736/386 426/452/202 711/737/386
f 712/738/387 483/509/247 484/510/247
f 712/738/387 484/510/247 713/739/388
f 714/740/389 715/741/390 716/742/390
f 714/740/389 716/742/390 717/743/389
f 718/744/391 719/745/392 720/746/392
f 718/744/391 720/746/392 721/747/391
f 722/748/393 419/445/200 422/448/200
f 722/748/393 422/448/200 723/749/393
f 715/741/390 724/750/394 725/751/395
f 715/741/390 725/751/395 716/742/390
f 726/752/396 722/748/393 723/749/393
f 726/752/396 723/749/393 727/753/396
f 728/754/397 729/755/398 730/756/399
f 728/754/397 730/756/399 731/757/400
f 732/758/401 733/759/389 734/760/389
f 732/758/401 734/760/389 735/761/401
f 493/519/252 736/762/402 737/763/402
f 493/519/252 737/763/402 494/520/252
f 624/650/347 726/752/396 727/753/396
f 624/650/347 727/753/396 625/651/347
f 738/764/403 728/754/397 731/757/400
f 738/764/403 731/757/400 739/765/403
f 729/755/398 732/758/401 735/761/401
f 729/755/398 735/761/401 730/756/399
f 736/762/402 501/527/256 502/528/257
f 736/762/402 502/528/257 737/763/402
f 740/766/404 741/767/405 742/768/405
f 740/766/404 742/768/405 743/769/404
f 744/770/406 738/764/403 739/765/403
f 744/770/406 739/765/403 745/771/406
f 98/212/45 744/770/406 745/771/406
f 98/212/45 745/771/406 99/213/46
f 746/772/407 740/766/404 743/769/404
f 746/772/407 743/769/404 747/773/407
f 748/774/408 409/435/192 410/436/193
f 748/774/408 410/436/193 749/775/409
f 750/776/410 746/772/407 747/773/407
f 750/776/410 747/773/407 751/777/410
f 630/656/350 636/662/353 639/665/353
f 630/656/350 639/665/353 631/657/350
f 752/778/411 753/779/412 754/780/412
f 752/778/411 754/780/412 755/781/411
f 673/699/370 682/708/374 685/711/374
f 673/699/370 685/711/374 674/700/370
f 756/782/413 750/776/410 751/777/410
f 756/782/413 751/777/410 757/783/413
f 758/784/414 706/732/385 707/733/385
f 758/784/414 707/733/385 759/785/414
f 384/410/177 397/423/184 400/426/187
f 384/410/177 400/426/187 385/411/178
f 760/786/415 758/784/414 759/785/414
f 760/786/415 759/785/414 761/787/415
f 762/788/416 763/789/417 764/790/417
f 762/788/416 764/790/417 765/791/416
f 658/684/362 762/788/416 765/791/416
f 658/684/362 765/791/416 659/685/362
f 668/694/367 766/792/418 767/793/418
f 668/694/367 767/793/418 669/695/367
f 768/794/419 760/786/415 761/787/415
f 768/794/419 761/787/415 769/795/419
f 763/789/417 770/796/420 771/797/420
f 763/789/417 771/797/420 764/790/417
f 770/796/420 772/798/421 773/799/421
f 770/796/420 773/799/421 771/797/420
f 766/792/418 676/702/371 679/705/371
f 766/792/418 679/705/371 767/793/418
f 774/800/422 768/794/419 769/795/419
f 774/800/422 769/795/419 775/801/422
f 683/709/375 776/802/423 777/803/423
f 683/709/375 777/803/423 684/710/375
f 778/804/424 718/744/391 721/747/391
f 778/804/424 721/747/391 779/805/424
f 780/806/194 415/441/196 418/444/199
f 780/806/194 418/444/199 781/807/194
f 772/798/421 782/808/425 783/809/425
f 772/798/421 783/809/425 773/799/421
f 741/767/405 774/800/422 775/801/422
f 741/767/405 775/801/422 742/768/405
f 724/750/394 778/804/424 779/805/424
f 724/750/394 779/805/424 725/751/395
f 784/810/426 785/811/427 786/812/427
f 784/810/426 786/812/427 787/813/426
f 753/779/412 756/782/413 757/783/413
f 753/779/412 757/783/413 754/780/412
f 788/814/425 784/810/426 787/813/426
f 788/814/425 787/813/426 789/815/425
f 790/816/428 748/774/408 749/775/409
f 790/816/428 749/775/409 791/817/428
f 785/811/427 792/818/429 793/819/429
f 785/811/427 793/819/429 786/812/427
f 776/802/423 752/778/411 755/781/411
f 776/802/423 755/781/411 777/803/423
f 719/745/392 790/816/428 791/817/428
f 719/745/392 791/817/428 720/746/392
f 677/703/372 794/820/377 795/821/377
f 677/703/372 795/821/377 678/704/372
f 796/822/430 487/513/249 490/516/249
f 796/822/430 490/516/249 797/823/430
f 689/715/378 698/724/382 699/725/382
f 689/715/378 699/725/382 690/716/378
f 792/818/429 796/822/430 797/823/430
f 792/818/429 797/823/430 793/819/429
f 680/706/373 798/824/431 799/825/431
f 680/706/373 799/825/431 681/707/373
f 798/824/431 692/718/379 693/719/379
f 798/824/431 693/719/379 799/825/431
f 800/826/432 801/827/432 802/828/433
f 800/826/432 802/828/433 803/829/433
f 804/830/434 805/831/435 806/832/436
f 804/830/434 806/832/436 807/833/437
f 808/834/438 809/835/438 810/836/439
f 808/834/438 810/836/439 811/837/439
f 812/838/440 813/839/440 814/840/441
f 812/838/440 814/840/441 815/841/441
f 816/842/442 817/843/442 818/844/443
f 816/842/442 818/844/443 819/845/443
f 819/845/443 818/844/443 820/846/444
f 819/845/443 820/846/444 821/847/444
f 821/847/444 820/846/444 822/848/445
f 821/847/444 822/848/445 823/849/445
f 823/849/445 822/848/445 824/850/446
f 823/849/445 824/850/446 825/851/446
f 825/851/446 824/850/446 826/852/447
f 825/851/446 826/852/447 827/853/447
f 828/854/447 829/855/447 801/827/432
f 828/854/447 801/827/432 800/826/432
f 803/829/433 802/828/433 830/856/448
f 803/829/433 830/856/448 831/857/448
f 831/857/448 830/856/448 832/858/449
f 831/857/448 832/858/449 833/859/449
f 833/859/449 832/858/449 834/860/450
f 833/859/449 834/860/450 835/861/450
f 835/861/450 834/860/450 836/862/451
f 835/861/450 836/862/451 837/863/451
f 837/863/451 836/862/451 838/864/452
f 837/863/451 838/864/452 839/865/452
f 839/865/452 838/864/452 840/866/453
f 839/865/452 840/866/453 841/867/453
f 841/867/453 840/866/453 842/868/454
f 841/867/453 842/868/454 843/869/454
f 843/869/454 842/868/454 844/870/455
f 843/869/454 844/870/455 845/871/455
f 845/871/455 844/870/455 846/872/456
f 845/871/455 846/872/456 847/873/456
f 847/873/456 846/872/456 848/874/457
f 847/873/456 848/874/457 849/875/457
f 849/875/457 848/874/457 850/876/458
f 849/875/457 850/876/458 851/877/458
f 851/877/458 850/876/458 852/878/459
f 851/877/458 852/878/459 853/879/459
f 853/879/459 852/878/459 817/843/442
f 853/879/459 817/843/442 816/842/442
f 854/880/460 855/881/460 856/882/461
f 854/880/460 856/882/461 857/883/462
f 857/883/462 856/882/461 858/884/463
f 857/883/462 858/884/463 859/885/464
f 859/885/464 858/884/463 860/886/465
f 859/885/464 860/886/465 861/887/466
f 861/887/466 860/886/465 862/888/467
f 861/887/466 862/888/467 863/889/468
f 863/889/468 862/888/467 864/890/469
f 863/889/468 864/890/469 865/891/469
f 866/892/470 867/893/470 805/831/435
f 866/892/470 805/831/435 804/830/434
f 807/833/437 806/832/436 868/894/471
f 807/833/437 868/894/471 869/895/472
f 869/895/472 868/894/471 870/896/473
f 869/895/472 870/896/473 871/897/474
f 871/897/474 870/896/473 872/898/475
f 871/897/474 872/898/475 873/899/475
f 873/899/475 872/898/475 874/900/476
f 873/899/475 874/900/476 875/901/477
f 875/901/477 874/900/476 876/902/478
f 875/901/477 876/902/478 877/903/479
f 877/903/479 876/902/478 878/904/480
f 877/903/479 878/904/480 879/905/481
f 879/905/481 878/904/480 880/906/482
f 879/905/481 880/906/482 881/907/483
f 881/907/483 880/906/482 882/908/484
f 881/907/483 882/908/484 883/909/484
f 883/909/484 882/908/484 884/910/485
f 883/909/484 884/910/485 885/911/486
f 885/911/486 884/910/485 886/912/487
f 885/911/486 886/912/487 887/913/488
f 887/913/488 886/912/487 888/914/489
f 887/913/488 888/914/489 889/915/490
f 889/915/490 888/914/489 890/916/491
f 889/915/490 890/916/491 891/917/492
f 891/917/492 890/916/491 855/881/460
f 891/917/492 855/881/460 854/880/460
f 892/918/493 893/919/493 894/920/494
f 892/918/493 894/920/494 895/921/494
f 896/922/495 897/923/495 893/919/493
f 896/922/495 893/919/493 892/918/493
f 898/924/496 899/925/496 897/923/495
f 898/924/496 897/923/495 896/922/495
f 900/926/497 901/927/497 899/925/496
f 900/926/497 899/925/496 898/924/496
f 902/928/498 903/929/498 901/927/497
f 902/928/498 901/927/497 900/926/497
f 904/930/499 905/931/499 903/929/498
f 904/930/499 903/929/498 902/928/498
f 906/932/500 907/933/500 905/931/499
f 906/932/500 905/931/499 904/930/499
f 908/934/501 909/935/501 907/933/500
f 908/934/501 907/933/500 906/932/500
f 910/936/502 911/937/502 909/935/501
f 910/936/502 909/935/501 908/934/501
f 912/938/503 913/939/503 911/937/502
f 912/938/503 911/937/502 910/936/502
f 914/940/504 915/941/504 913/939/503
f 914/940/504 913/939/503 912/938/503
f 916/942/505 917/943/505 915/941/504
f 916/942/505 915/941/504 914/940/504
f 811/837/439 810/836/439 917/943/505
f 811/837/439 917/943/505 916/942/505
f 918/944/506 919/945/506 809/835/438
f 918/944/506 809/835/438 808/834/438
f 920/946/507 921/947/507 922/948/506
f 920/946/507 922/948/506 923/949/506
f 924/950/508 925/951/508 921/947/507
f 924/950/508 921/947/507 920/946/507
f 926/952/509 927/953/509 925/951/508
f 926/952/509 925/951/508 924/950/508
f 928/954/510 929/955/510 927/953/509
f 928/954/510 927/953/509 926/952/509
f 895/921/494 894/920/494 929/955/510
f 895/921/494 929/955/510 928/954/510
f 930/956/511 931/957/511 932/958/512
f 930/956/511 932/958/512 933/959/512
f 934/960/513 935/961/513 931/957/511
f 934/960/513 931/957/511 930/956/511
f 933/959/512 932/958/512 936/962/514
f 933/959/512 936/962/514 937/963/514
f 937/963/514 936/962/514 938/964/515
f 937/963/514 938/964/515 939/965/515
f 939/965/515 938/964/515 940/966/516
f 939/965/515 940/966/516 941/967/516
f 942/968/516 943/969/516 813/839/440
f 942/968/516 813/839/440 812/838/440
f 815/841/441 814/840/441 944/970/517
f 815/841/441 944/970/517 945/971/517
f 945/971/517 944/970/517 946/972/518
f 945/971/517 946/972/518 947/973/518
f 947/973/518 946/972/518 948/974/519
f 947/973/518 948/974/519 949/975/519
f 949/975/519 948/974/519 950/976/520
f 949/975/519 950/976/520 951/977/520
f 951/977/520 950/976/520 952/978/521
f 951/977/520 952/978/521 953/979/521
f 953/979/521 952/978/521 954/980/522
f 953/979/521 954/980/522 955/981/522
f 955/981/522 954/980/522 956/982/523
f 955/981/522 956/982/523 957/983/523
f 957/983/523 956/982/523 958/984/524
f 957/983/523 958/984/524 959/985/524
f 959/985/524 958/984/524 960/986/525
f 959/985/524 960/986/525 961/987/525
f 961/987/525 960/986/525 962/988/526
f 961/987/525 962/988/526 963/989/526
f 963/989/526 962/988/526 964/990/527
f 963/989/526 964/990/527 965/991/527
f 965/991/527 964/990/527 966/992/528
f 965/991/527 966/992/528 967/993/528
f 967/993/528 966/992/528 935/961/513
f 967/993/528 935/961/513 934/960/513
f 968/994/26 969/995/26 970/996/529
f 968/994/26 970/996/529 971/997/529
f 971/997/529 970/996/529 972/998/530
f 971/997/529 972/998/530 973/999/530
f 974/1000/530 975/1001/530 976/1002/23
f 974/1000/530 976/1002/23 977/1003/23
f 977/1003/23 976/1002/23 978/1004/531
f 977/1003/23 978/1004/531 979/1005/531
f 979/1005/531 978/1004/531 980/1006/532
f 979/1005/531 980/1006/532 981/1007/532
f 981/1007/532 980/1006/532 982/1008/149
f 981/1007/532 982/1008/149 983/1009/149
f 983/1009/149 982/1008/149 984/1010/533
f 983/1009/149 984/1010/533 985/1011/533
f 985/1011/533 984/1010/533 986/1012/534
f 985/1011/533 986/1012/534 987/1013/534
f 987/1013/534 986/1012/534 988/1014/148
f 987/1013/534 988/1014/148 989/1015/148
f 989/1015/148 988/1014/148 990/1016/535
f 989/1015/148 990/1016/535 991/1017/535
f 991/1017/535 990/1016/535 994/1018/536
f 991/1017/535 994/1018/536 995/1019/536
f 995/1019/536 994/1018/536 969/995/26
f 995/1019/536 969/995/26 968/994/26
